Date,liborUSD
2001-01-02,6.65125
2001-01-03,6.65375
2001-01-04,6.09625
2001-01-05,6.01625
2001-01-08,6.015
2001-01-09,6.01125
2001-01-10,6.015
2001-01-11,6.0375
2001-01-12,6.025
2001-01-15,.
2001-01-16,6.17625
2001-01-17,6.05125
2001-01-18,6.02625
2001-01-19,5.99625
2001-01-22,6
2001-01-23,6.0275
2001-01-24,6.10125
2001-01-25,6.11375
2001-01-26,6.10375
2001-01-29,6.115
2001-01-30,6.10125
2001-01-31,6.03875
2001-02-01,5.65
2001-02-02,5.5925
2001-02-05,5.6075
2001-02-06,5.615
2001-02-07,5.63375
2001-02-08,5.585
2001-02-09,5.5575
2001-02-12,5.57875
2001-02-13,5.57375
2001-02-14,5.56625
2001-02-15,5.64375
2001-02-16,5.55
2001-02-19,.
2001-02-20,5.60875
2001-02-21,5.6125
2001-02-22,5.6
2001-02-23,5.54375
2001-02-26,5.57125
2001-02-27,5.57625
2001-02-28,5.62625
2001-03-01,5.5875
2001-03-02,5.58375
2001-03-05,5.6375
2001-03-06,5.65
2001-03-07,5.62938
2001-03-08,5.57531
2001-03-09,5.53641
2001-03-12,5.57406
2001-03-13,5.57156
2001-03-14,5.58656
2001-03-15,5.64813
2001-03-16,5.54516
2001-03-19,5.56906
2001-03-20,5.3425
2001-03-21,5.13688
2001-03-22,5.12813
2001-03-23,5.05875
2001-03-26,5.08797
2001-03-27,5.09281
2001-03-28,5.1075
2001-03-29,5.19219
2001-03-30,5.66813
2001-04-02,5.30281
2001-04-03,5.2625
2001-04-04,5.2275
2001-04-05,5.13313
2001-04-06,5.08406
2001-04-09,5.0875
2001-04-10,5.07906
2001-04-11,5.08156
2001-04-12,5.15063
2001-04-13,.
2001-04-16,.
2001-04-17,5.14875
2001-04-18,5.10797
2001-04-19,4.57125
2001-04-20,4.5175
2001-04-23,4.55125
2001-04-24,4.48484
2001-04-25,4.45219
2001-04-26,4.5325
2001-04-27,4.59172
2001-04-30,4.76875
2001-05-01,4.75375
2001-05-02,4.63563
2001-05-03,4.56875
2001-05-04,4.54516
2001-05-07,.
2001-05-08,4.53891
2001-05-09,4.52641
2001-05-10,4.5125
2001-05-11,4.49125
2001-05-14,4.5025
2001-05-15,4.36688
2001-05-16,4.135
2001-05-17,4.0875
2001-05-18,4.04516
2001-05-21,4.07031
2001-05-22,4.06531
2001-05-23,4.05781
2001-05-24,4.04
2001-05-25,3.99813
2001-05-28,.
2001-05-29,4.11625
2001-05-30,4.14953
2001-05-31,4.22875
2001-06-01,4.13063
2001-06-04,4.07531
2001-06-05,4.07031
2001-06-06,4.04891
2001-06-07,4.03891
2001-06-08,3.9975
2001-06-11,4.055
2001-06-12,4.06156
2001-06-13,4.08031
2001-06-14,4.07625
2001-06-15,4.1225
2001-06-18,4.055
2001-06-19,4.00875
2001-06-20,3.96984
2001-06-21,3.97859
2001-06-22,3.99
2001-06-25,4.0225
2001-06-26,4.01766
2001-06-27,3.83922
2001-06-28,3.84922
2001-06-29,4.24
2001-07-02,4.12313
2001-07-03,3.9
2001-07-04,.
2001-07-05,3.85422
2001-07-06,3.77641
2001-07-09,3.82031
2001-07-10,3.7975
2001-07-11,3.80391
2001-07-12,3.805
2001-07-13,3.76625
2001-07-16,3.90203
2001-07-17,3.81875
2001-07-18,3.78891
2001-07-19,3.7775
2001-07-20,3.77766
2001-07-23,3.81281
2001-07-24,3.81406
2001-07-25,3.81906
2001-07-26,3.82531
2001-07-27,3.83031
2001-07-30,3.85
2001-07-31,3.96625
2001-08-01,3.90375
2001-08-02,3.8175
2001-08-03,3.7625
2001-08-06,3.80781
2001-08-07,3.8025
2001-08-08,3.7975
2001-08-09,3.79391
2001-08-10,3.7575
2001-08-13,3.80781
2001-08-14,3.81531
2001-08-15,3.89625
2001-08-16,3.81406
2001-08-17,3.7725
2001-08-20,3.75875
2001-08-21,3.61625
2001-08-22,3.57625
2001-08-23,3.585
2001-08-24,3.56
2001-08-27,.
2001-08-28,3.58156
2001-08-29,3.5925
2001-08-30,3.59422
2001-08-31,3.7425
2001-09-03,.
2001-09-04,3.71609
2001-09-05,3.62813
2001-09-06,3.59422
2001-09-07,3.525
2001-09-10,3.55906
2001-09-11,3.55906
2001-09-12,4.9375
2001-09-13,5.36
2001-09-14,4.5
2001-09-17,3.715
2001-09-18,3.06625
2001-09-19,1.9475
2001-09-20,1.9325
2001-09-21,2.35875
2001-09-24,2.89375
2001-09-25,3.1175
2001-09-26,3.275
2001-09-27,3.18844
2001-09-28,3.56531
2001-10-01,3.35
2001-10-02,2.75
2001-10-03,2.5825
2001-10-04,2.55016
2001-10-05,2.48875
2001-10-08,.
2001-10-09,2.56906
2001-10-10,2.56281
2001-10-11,2.525
2001-10-12,2.495
2001-10-15,2.57156
2001-10-16,2.54375
2001-10-17,2.54016
2001-10-18,2.54
2001-10-19,2.49875
2001-10-22,2.5475
2001-10-23,2.55
2001-10-24,2.54375
2001-10-25,2.54625
2001-10-26,2.53
2001-10-29,2.56406
2001-10-30,2.58875
2001-10-31,2.705
2001-11-01,2.62563
2001-11-02,2.5275
2001-11-05,2.54141
2001-11-06,2.28766
2001-11-07,2.08875
2001-11-08,2.07906
2001-11-09,2.03875
2001-11-12,.
2001-11-13,2.09422
2001-11-14,2.11125
2001-11-15,2.15953
2001-11-16,2.06156
2001-11-19,2.085
2001-11-20,2.095
2001-11-21,2.11625
2001-11-22,.
2001-11-23,2.09
2001-11-26,2.09422
2001-11-27,2.10625
2001-11-28,2.11938
2001-11-29,2.12438
2001-11-30,2.18594
2001-12-03,2.15453
2001-12-04,2.08125
2001-12-05,2.03391
2001-12-06,1.995
2001-12-07,1.92375
2001-12-10,1.925
2001-12-11,1.86625
2001-12-12,1.82531
2001-12-13,1.82531
2001-12-14,1.82031
2001-12-17,1.92078
2001-12-18,1.83125
2001-12-19,1.82031
2001-12-20,1.79141
2001-12-21,1.77
2001-12-24,1.79875
2001-12-25,.
2001-12-26,.
2001-12-27,1.96984
2001-12-28,1.99125
2001-12-31,2.05141
2002-01-01,.
2002-01-02,1.95734
2002-01-03,1.86375
2002-01-04,1.78766
2002-01-07,1.82031
2002-01-08,1.79141
2002-01-09,1.76625
2002-01-10,1.7725
2002-01-11,1.785
2002-01-14,1.82281
2002-01-15,1.89313
2002-01-16,1.78891
2002-01-17,1.77141
2002-01-18,1.72859
2002-01-21,.
2002-01-22,1.81031
2002-01-23,1.85422
2002-01-24,1.84422
2002-01-25,1.79766
2002-01-28,1.83125
2002-01-29,1.86375
2002-01-30,1.85297
2002-01-31,1.94094
2002-02-01,1.87688
2002-02-04,1.835
2002-02-05,1.82625
2002-02-06,1.80375
2002-02-07,1.80375
2002-02-08,1.775
2002-02-11,1.8225
2002-02-12,1.8175
2002-02-13,1.81266
2002-02-14,1.82781
2002-02-15,1.9225
2002-02-18,.
2002-02-19,1.86
2002-02-20,1.84922
2002-02-21,1.83125
2002-02-22,1.78516
2002-02-25,1.825
2002-02-26,1.83031
2002-02-27,1.83781
2002-02-28,1.93594
2002-03-01,1.84172
2002-03-04,1.83125
2002-03-05,1.82875
2002-03-06,1.80125
2002-03-07,1.81156
2002-03-08,1.7725
2002-03-11,1.82375
2002-03-12,1.82
2002-03-13,1.8075
2002-03-14,1.81
2002-03-15,1.9
2002-03-18,1.82625
2002-03-19,1.8075
2002-03-20,1.81
2002-03-21,1.81625
2002-03-22,1.78875
2002-03-25,1.82125
2002-03-26,1.82
2002-03-27,1.815
2002-03-28,2.0075
2002-03-29,.
2002-04-01,.
2002-04-02,1.855
2002-04-03,1.84875
2002-04-04,1.83625
2002-04-05,1.79375
2002-04-08,1.8275
2002-04-09,1.80625
2002-04-10,1.775
2002-04-11,1.7975
2002-04-12,1.8225
2002-04-15,1.95
2002-04-16,1.83375
2002-04-17,1.82
2002-04-18,1.81125
2002-04-19,1.77188
2002-04-22,1.81625
2002-04-23,1.775
2002-04-24,1.765
2002-04-25,1.8025
2002-04-26,1.81375
2002-04-29,1.86125
2002-04-30,1.93538
2002-05-01,1.9025
2002-05-02,1.8375
2002-05-03,1.795
2002-05-06,.
2002-05-07,1.80625
2002-05-08,1.80375
2002-05-09,1.79375
2002-05-10,1.77875
2002-05-13,1.82625
2002-05-14,1.83125
2002-05-15,1.9275
2002-05-16,1.82875
2002-05-17,1.77125
2002-05-20,1.81125
2002-05-21,1.78375
2002-05-22,1.75
2002-05-23,1.76375
2002-05-24,1.755
2002-05-27,.
2002-05-28,1.8525
2002-05-29,1.88625
2002-05-30,1.8825
2002-05-31,1.88125
2002-06-03,.
2002-06-04,.
2002-06-05,1.8025
2002-06-06,1.77875
2002-06-07,1.76625
2002-06-10,1.8
2002-06-11,1.8025
2002-06-12,1.80875
2002-06-13,1.81
2002-06-14,1.78
2002-06-17,1.88125
2002-06-18,1.80875
2002-06-19,1.77063
2002-06-20,1.75625
2002-06-21,1.74125
2002-06-24,1.7975
2002-06-25,1.8025
2002-06-26,1.8275
2002-06-27,1.825
2002-06-28,2.03125
2002-07-01,1.91625
2002-07-02,1.81625
2002-07-03,1.79625
2002-07-04,.
2002-07-05,1.78125
2002-07-08,1.82
2002-07-09,1.82125
2002-07-10,1.83
2002-07-11,1.82
2002-07-12,1.7775
2002-07-15,1.87625
2002-07-16,1.81375
2002-07-17,1.80375
2002-07-18,1.7775
2002-07-19,1.76625
2002-07-22,1.80625
2002-07-23,1.8075
2002-07-24,1.81
2002-07-25,1.79875
2002-07-26,1.77125
2002-07-29,1.8
2002-07-30,1.8125
2002-07-31,1.905
2002-08-01,1.855
2002-08-02,1.7825
2002-08-05,1.8125
2002-08-06,1.835
2002-08-07,1.86
2002-08-08,1.825
2002-08-09,1.76125
2002-08-12,1.7975
2002-08-13,1.79375
2002-08-14,1.79125
2002-08-15,1.875
2002-08-16,1.78
2002-08-19,1.80438
2002-08-20,1.8125
2002-08-21,1.80625
2002-08-22,1.80625
2002-08-23,1.78625
2002-08-26,.
2002-08-27,1.80625
2002-08-28,1.83375
2002-08-29,1.9025
2002-08-30,1.95
2002-09-02,.
2002-09-03,1.92
2002-09-04,1.845
2002-09-05,1.82375
2002-09-06,1.78
2002-09-09,1.815
2002-09-10,1.815
2002-09-11,1.82
2002-09-12,1.8225
2002-09-13,1.7775
2002-09-16,1.8975
2002-09-17,1.81875
2002-09-18,1.80375
2002-09-19,1.7975
2002-09-20,1.75
2002-09-23,1.80125
2002-09-24,1.79
2002-09-25,1.78875
2002-09-26,1.80375
2002-09-27,1.855
2002-09-30,2.065
2002-10-01,1.93875
2002-10-02,1.83625
2002-10-03,1.81625
2002-10-04,1.7675
2002-10-07,1.80625
2002-10-08,1.805
2002-10-09,1.79875
2002-10-10,1.79625
2002-10-11,1.78
2002-10-14,.
2002-10-15,1.89375
2002-10-16,1.8225
2002-10-17,1.80125
2002-10-18,1.775
2002-10-21,1.80125
2002-10-22,1.79875
2002-10-23,1.795
2002-10-24,1.79
2002-10-25,1.785
2002-10-28,1.80625
2002-10-29,1.8475
2002-10-30,1.86625
2002-10-31,1.95
2002-11-01,1.8375
2002-11-04,1.80125
2002-11-05,1.7825
2002-11-06,1.63875
2002-11-07,1.35625
2002-11-08,1.31875
2002-11-11,.
2002-11-12,1.3625
2002-11-13,1.375
2002-11-14,1.34625
2002-11-15,1.36625
2002-11-18,1.3125
2002-11-19,1.265
2002-11-20,1.23875
2002-11-21,1.2525
2002-11-22,1.26625
2002-11-25,1.3125
2002-11-26,1.3225
2002-11-27,1.36375
2002-11-28,.
2002-11-29,1.41625
2002-12-02,1.35
2002-12-03,1.3075
2002-12-04,1.27375
2002-12-05,1.27625
2002-12-06,1.26875
2002-12-09,1.30125
2002-12-10,1.29125
2002-12-11,1.295
2002-12-12,1.2975
2002-12-13,1.2825
2002-12-16,1.36125
2002-12-17,1.30375
2002-12-18,1.29375
2002-12-19,1.29625
2002-12-20,1.27125
2002-12-23,1.31625
2002-12-24,1.32563
2002-12-25,.
2002-12-26,.
2002-12-27,1.32
2002-12-30,1.3675
2002-12-31,1.40375
2003-01-01,.
2003-01-02,1.36125
2003-01-03,1.3125
2003-01-06,1.3075
2003-01-07,1.29875
2003-01-08,1.275
2003-01-09,1.29625
2003-01-10,1.28625
2003-01-13,1.2975
2003-01-14,1.30125
2003-01-15,1.35125
2003-01-16,1.29125
2003-01-17,1.255
2003-01-20,.
2003-01-21,1.3
2003-01-22,1.30625
2003-01-23,1.295
2003-01-24,1.26125
2003-01-27,1.29
2003-01-28,1.2925
2003-01-29,1.285
2003-01-30,1.295
2003-01-31,1.3525
2003-02-03,1.30625
2003-02-04,1.30375
2003-02-05,1.2875
2003-02-06,1.29
2003-02-07,1.25625
2003-02-10,1.28875
2003-02-11,1.285
2003-02-12,1.275
2003-02-13,1.2725
2003-02-14,1.26625
2003-02-17,.
2003-02-18,1.365
2003-02-19,1.30625
2003-02-20,1.29625
2003-02-21,1.26875
2003-02-24,1.29
2003-02-25,1.29
2003-02-26,1.295
2003-02-27,1.32
2003-02-28,1.37125
2003-03-03,1.36375
2003-03-04,1.33625
2003-03-05,1.31625
2003-03-06,1.3
2003-03-07,1.26625
2003-03-10,1.29875
2003-03-11,1.28
2003-03-12,1.27625
2003-03-13,1.27875
2003-03-14,1.32125
2003-03-17,1.36375
2003-03-18,1.2925
2003-03-19,1.285
2003-03-20,1.30125
2003-03-21,1.27375
2003-03-24,1.2975
2003-03-25,1.2975
2003-03-26,1.30125
2003-03-27,1.3075
2003-03-28,1.35
2003-03-31,1.51
2003-04-01,1.375
2003-04-02,1.31625
2003-04-03,1.30625
2003-04-04,1.28
2003-04-07,1.30375
2003-04-08,1.3025
2003-04-09,1.3025
2003-04-10,1.30125
2003-04-11,1.29375
2003-04-14,1.3175
2003-04-15,1.405
2003-04-16,1.3425
2003-04-17,1.32375
2003-04-18,.
2003-04-21,.
2003-04-22,1.31375
2003-04-23,1.30875
2003-04-24,1.30375
2003-04-25,1.275
2003-04-28,1.3275
2003-04-29,1.3475
2003-04-30,1.435
2003-05-01,1.365
2003-05-02,1.29875
2003-05-05,.
2003-05-06,1.3025
2003-05-07,1.3
2003-05-08,1.30375
2003-05-09,1.29375
2003-05-12,1.3025
2003-05-13,1.3175
2003-05-14,1.325
2003-05-15,1.4
2003-05-16,1.30125
2003-05-19,1.3075
2003-05-20,1.3
2003-05-21,1.2925
2003-05-22,1.28375
2003-05-23,1.27
2003-05-26,.
2003-05-27,1.3075
2003-05-28,1.33125
2003-05-29,1.35375
2003-05-30,1.4275
2003-06-02,1.37125
2003-06-03,1.3
2003-06-04,1.28875
2003-06-05,1.28125
2003-06-06,1.2725
2003-06-09,1.3025
2003-06-10,1.3025
2003-06-11,1.3025
2003-06-12,1.29875
2003-06-13,1.2825
2003-06-16,1.37625
2003-06-17,1.305
2003-06-18,1.3
2003-06-19,1.29875
2003-06-20,1.2775
2003-06-23,1.2975
2003-06-24,1.2825
2003-06-25,1.12
2003-06-26,1.115
2003-06-27,1.28375
2003-06-30,1.52125
2003-07-01,1.25125
2003-07-02,1.1225
2003-07-03,1.06
2003-07-04,.
2003-07-07,1.095
2003-07-08,1.08875
2003-07-09,1.07375
2003-07-10,1.05875
2003-07-11,1.02625
2003-07-14,1.07
2003-07-15,1.115
2003-07-16,1.08
2003-07-17,1.0675
2003-07-18,1.025
2003-07-21,1.0725
2003-07-22,1.05875
2003-07-23,1.06
2003-07-24,1.05625
2003-07-25,1.02875
2003-07-28,1.06375
2003-07-29,1.06625
2003-07-30,1.08625
2003-07-31,1.18625
2003-08-01,1.08125
2003-08-04,1.0725
2003-08-05,1.0725
2003-08-06,1.04625
2003-08-07,1.03
2003-08-08,1.0125
2003-08-11,1.05125
2003-08-12,1.05875
2003-08-13,1.0575
2003-08-14,1.0675
2003-08-15,1.23
2003-08-18,1.0975
2003-08-19,1.07875
2003-08-20,1.0475
2003-08-21,1.01375
2003-08-22,1.0325
2003-08-25,.
2003-08-26,1.06375
2003-08-27,1.07125
2003-08-28,1.07625
2003-08-29,1.17875
2003-09-01,.
2003-09-02,1.1125
2003-09-03,1.08875
2003-09-04,1.075
2003-09-05,1.04125
2003-09-08,1.06625
2003-09-09,1.06
2003-09-10,1.0525
2003-09-11,1.0325
2003-09-12,1.04
2003-09-15,1.17625
2003-09-16,1.075
2003-09-17,1.04875
2003-09-18,1.035
2003-09-19,1.005
2003-09-22,1.045
2003-09-23,1.0375
2003-09-24,1.045
2003-09-25,1.0525
2003-09-26,1.10375
2003-09-29,1.14375
2003-09-30,1.30375
2003-10-01,1.12375
2003-10-02,1.07125
2003-10-03,1.0425
2003-10-06,1.05875
2003-10-07,1.05125
2003-10-08,1.03
2003-10-09,1.03
2003-10-10,1.02625
2003-10-13,.
2003-10-14,1.115
2003-10-15,1.17125
2003-10-16,1.065
2003-10-17,1.035
2003-10-20,1.0525
2003-10-21,1.05
2003-10-22,1.04125
2003-10-23,1.04125
2003-10-24,1.035
2003-10-27,1.0575
2003-10-28,1.05125
2003-10-29,1.045
2003-10-30,1.04875
2003-10-31,1.11375
2003-11-03,1.08875
2003-11-04,1.04875
2003-11-05,1.04125
2003-11-06,1.0375
2003-11-07,1.02625
2003-11-10,1.04875
2003-11-11,.
2003-11-12,1.0475
2003-11-13,1.05125
2003-11-14,1.03125
2003-11-17,1.11125
2003-11-18,1.0525
2003-11-19,1.03125
2003-11-20,1.04
2003-11-21,1.0275
2003-11-24,1.0475
2003-11-25,1.04375
2003-11-26,1.05125
2003-11-27,.
2003-11-28,1.09375
2003-12-01,1.08
2003-12-02,1.055
2003-12-03,1.03
2003-12-04,1.0275
2003-12-05,1.02375
2003-12-08,1.04
2003-12-09,1.04
2003-12-10,1.03
2003-12-11,1.01875
2003-12-12,1.0125
2003-12-15,1.0675
2003-12-16,1.03625
2003-12-17,1.02625
2003-12-18,1.03125
2003-12-19,1.0225
2003-12-22,1.045
2003-12-23,1.05375
2003-12-24,1.045
2003-12-25,.
2003-12-26,.
2003-12-29,1.0375
2003-12-30,1.05875
2003-12-31,1.08875
2004-01-01,.
2004-01-02,1.06
2004-01-05,1.055
2004-01-06,1.05188
2004-01-07,1.0425
2004-01-08,1.03
2004-01-09,1.0175
2004-01-12,1.0375
2004-01-13,1.04
2004-01-14,1.03625
2004-01-15,1.07
2004-01-16,1.03625
2004-01-19,.
2004-01-20,1.0525
2004-01-21,1.05125
2004-01-22,1.05125
2004-01-23,1.03875
2004-01-26,1.045
2004-01-27,1.045
2004-01-28,1.045
2004-01-29,1.04375
2004-01-30,1.0675
2004-02-02,1.0525
2004-02-03,1.04375
2004-02-04,1.035
2004-02-05,1.04125
2004-02-06,1.0325
2004-02-09,1.035
2004-02-10,1.0425
2004-02-11,1.035
2004-02-12,1.03125
2004-02-13,1.0375
2004-02-16,.
2004-02-17,1.09125
2004-02-18,1.05125
2004-02-19,1.0475
2004-02-20,1.03625
2004-02-23,1.04875
2004-02-24,1.045
2004-02-25,1.0425
2004-02-26,1.0425
2004-02-27,1.07875
2004-03-01,1.06875
2004-03-02,1.055
2004-03-03,1.0525
2004-03-04,1.0525
2004-03-05,1.04
2004-03-08,1.04625
2004-03-09,1.0475
2004-03-10,1.045
2004-03-11,1.04625
2004-03-12,1.05375
2004-03-15,1.0875
2004-03-16,1.05
2004-03-17,1.05
2004-03-18,1.05
2004-03-19,1.0425
2004-03-22,1.04625
2004-03-23,1.0475
2004-03-24,1.0475
2004-03-25,1.0475
2004-03-26,1.04375
2004-03-29,1.06125
2004-03-30,1.095
2004-03-31,1.1675
2004-04-01,1.075
2004-04-02,1.05375
2004-04-05,1.05375
2004-04-06,1.05375
2004-04-07,1.05375
2004-04-08,1.0575
2004-04-09,.
2004-04-12,.
2004-04-13,1.06625
2004-04-14,1.0675
2004-04-15,1.0875
2004-04-16,1.05125
2004-04-19,1.0575
2004-04-20,1.055
2004-04-21,1.055
2004-04-22,1.0525
2004-04-23,1.04625
2004-04-26,1.05375
2004-04-27,1.05375
2004-04-28,1.05375
2004-04-29,1.05375
2004-04-30,1.095
2004-05-03,.
2004-05-04,1.06
2004-05-05,1.05375
2004-05-06,1.0525
2004-05-07,1.045
2004-05-10,1.0525
2004-05-11,1.055
2004-05-12,1.05625
2004-05-13,1.05125
2004-05-14,1.05125
2004-05-17,1.085
2004-05-18,1.055
2004-05-19,1.0525
2004-05-20,1.04875
2004-05-21,1.04125
2004-05-24,1.04875
2004-05-25,1.05
2004-05-26,1.05375
2004-05-27,1.0525
2004-05-28,1.085
2004-05-31,.
2004-06-01,1.06625
2004-06-02,1.06125
2004-06-03,1.05375
2004-06-04,1.045
2004-06-07,1.0575
2004-06-08,1.05875
2004-06-09,1.0575
2004-06-10,1.05125
2004-06-11,1.05
2004-06-14,1.05875
2004-06-15,1.08625
2004-06-16,1.055
2004-06-17,1.0525
2004-06-18,1.04125
2004-06-21,1.05125
2004-06-22,1.05
2004-06-23,1.04875
2004-06-24,1.05
2004-06-25,1.055
2004-06-28,1.1075
2004-06-29,1.20625
2004-06-30,1.59125
2004-07-01,1.39875
2004-07-02,1.3525
2004-07-05,.
2004-07-06,1.3175
2004-07-07,1.31625
2004-07-08,1.3125
2004-07-09,1.295
2004-07-12,1.30125
2004-07-13,1.30125
2004-07-14,1.305
2004-07-15,1.33125
2004-07-16,1.295
2004-07-19,1.3025
2004-07-20,1.3
2004-07-21,1.30125
2004-07-22,1.30125
2004-07-23,1.29375
2004-07-26,1.3
2004-07-27,1.2975
2004-07-28,1.30375
2004-07-29,1.33875
2004-07-30,1.3775
2004-08-02,1.3525
2004-08-03,1.325
2004-08-04,1.3175
2004-08-05,1.3225
2004-08-06,1.355
2004-08-09,1.4275
2004-08-10,1.54
2004-08-11,1.5475
2004-08-12,1.54625
2004-08-13,1.5475
2004-08-16,1.605
2004-08-17,1.55875
2004-08-18,1.5175
2004-08-19,1.535
2004-08-20,1.5325
2004-08-23,1.54375
2004-08-24,1.54875
2004-08-25,1.545
2004-08-26,1.5475
2004-08-27,1.56
2004-08-30,.
2004-08-31,1.625
2004-09-01,1.59625
2004-09-02,1.55875
2004-09-03,1.5475
2004-09-06,.
2004-09-07,1.56875
2004-09-08,1.56
2004-09-09,1.5575
2004-09-10,1.53875
2004-09-13,1.55
2004-09-14,1.555
2004-09-15,1.59625
2004-09-16,1.57125
2004-09-17,1.6
2004-09-20,1.66
2004-09-21,1.80125
2004-09-22,1.7925
2004-09-23,1.78875
2004-09-24,1.7875
2004-09-27,1.79875
2004-09-28,1.805
2004-09-29,1.8025
2004-09-30,1.93125
2004-10-01,1.865
2004-10-04,1.8175
2004-10-05,1.815
2004-10-06,1.80875
2004-10-07,1.80125
2004-10-08,1.78875
2004-10-11,.
2004-10-12,1.81625
2004-10-13,1.81875
2004-10-14,1.82
2004-10-15,1.84125
2004-10-18,1.81375
2004-10-19,1.80375
2004-10-20,1.79125
2004-10-21,1.79875
2004-10-22,1.7875
2004-10-25,1.80125
2004-10-26,1.80375
2004-10-27,1.8025
2004-10-28,1.81125
2004-10-29,1.885
2004-11-01,1.855
2004-11-02,1.81875
2004-11-03,1.8075
2004-11-04,1.82375
2004-11-05,1.84
2004-11-08,1.915
2004-11-09,1.9325
2004-11-10,2.0225
2004-11-11,.
2004-11-12,2.0525
2004-11-15,2.09625
2004-11-16,2.05625
2004-11-17,2.04625
2004-11-18,2.04125
2004-11-19,2.035
2004-11-22,2.055
2004-11-23,2.05
2004-11-24,2.0525
2004-11-25,.
2004-11-26,2.05125
2004-11-29,2.08875
2004-11-30,2.1275
2004-12-01,2.08625
2004-12-02,2.06125
2004-12-03,2.05
2004-12-06,2.05625
2004-12-07,2.0575
2004-12-08,2.06625
2004-12-09,2.09875
2004-12-10,2.125
2004-12-13,2.19375
2004-12-14,2.2925
2004-12-15,2.34625
2004-12-16,2.30875
2004-12-17,2.29625
2004-12-20,2.29625
2004-12-21,2.2975
2004-12-22,2.2925
2004-12-23,2.2975
2004-12-24,2.3125
2004-12-27,.
2004-12-28,.
2004-12-29,2.34875
2004-12-30,2.3175
2004-12-31,2.34625
2005-01-03,.
2005-01-04,2.31875
2005-01-05,2.32
2005-01-06,2.3175
2005-01-07,2.29875
2005-01-10,2.3025
2005-01-11,2.30625
2005-01-12,2.3
2005-01-13,2.2975
2005-01-14,2.3
2005-01-17,.
2005-01-18,2.36
2005-01-19,2.30125
2005-01-20,2.3
2005-01-21,2.27625
2005-01-24,2.295
2005-01-25,2.2875
2005-01-26,2.3
2005-01-27,2.35375
2005-01-28,2.415
2005-01-31,2.5225
2005-02-01,2.55625
2005-02-02,2.545
2005-02-03,2.54
2005-02-04,2.52625
2005-02-07,2.54625
2005-02-08,2.54625
2005-02-09,2.53875
2005-02-10,2.5425
2005-02-11,2.54375
2005-02-14,2.56375
2005-02-15,2.605
2005-02-16,2.55
2005-02-17,2.54625
2005-02-18,2.52375
2005-02-21,.
2005-02-22,2.55125
2005-02-23,2.55375
2005-02-24,2.56
2005-02-25,2.5675
2005-02-28,2.64625
2005-03-01,2.57875
2005-03-02,2.55
2005-03-03,2.53625
2005-03-04,2.535
2005-03-07,2.54875
2005-03-08,2.54625
2005-03-09,2.5425
2005-03-10,2.545
2005-03-11,2.5475
2005-03-14,2.57875
2005-03-15,2.65625
2005-03-16,2.5825
2005-03-17,2.615
2005-03-18,2.7275
2005-03-21,2.78625
2005-03-22,2.795
2005-03-23,2.795
2005-03-24,2.79375
2005-03-25,.
2005-03-28,.
2005-03-29,2.82375
2005-03-30,2.8475
2005-03-31,2.91
2005-04-01,2.84125
2005-04-04,2.81125
2005-04-05,2.8025
2005-04-06,2.79125
2005-04-07,2.78125
2005-04-08,2.77875
2005-04-11,2.8
2005-04-12,2.7975
2005-04-13,2.80625
2005-04-14,2.81875
2005-04-15,2.895
2005-04-18,2.80625
2005-04-19,2.79
2005-04-20,2.77875
2005-04-21,2.7825
2005-04-22,2.785
2005-04-25,2.80375
2005-04-26,2.81625
2005-04-27,2.85
2005-04-28,2.9275
2005-04-29,3.0425
2005-05-02,.
2005-05-03,3.05
2005-05-04,3.04875
2005-05-05,3.0425
2005-05-06,3.03625
2005-05-09,3.0425
2005-05-10,3.04
2005-05-11,3.03563
2005-05-12,3.04
2005-05-13,3.04125
2005-05-16,3.11625
2005-05-17,3.04375
2005-05-18,3.04375
2005-05-19,3.04125
2005-05-20,3.04
2005-05-23,3.04125
2005-05-24,3.03875
2005-05-25,3.04
2005-05-26,3.04125
2005-05-27,3.04625
2005-05-30,.
2005-05-31,3.10375
2005-06-01,3.0675
2005-06-02,3.05125
2005-06-03,3.03875
2005-06-06,3.045
2005-06-07,3.04
2005-06-08,3.03625
2005-06-09,3.03375
2005-06-10,3.03
2005-06-13,3.0375
2005-06-14,3.045
2005-06-15,3.0875
2005-06-16,3.04438
2005-06-17,3.03625
2005-06-20,3.04
2005-06-21,3.04
2005-06-22,3.04125
2005-06-23,3.06625
2005-06-24,3.1075
2005-06-27,3.15625
2005-06-28,3.2075
2005-06-29,3.26625
2005-06-30,3.42531
2005-07-01,3.32875
2005-07-04,.
2005-07-05,3.30125
2005-07-06,3.3
2005-07-07,3.30143
2005-07-08,3.29
2005-07-11,3.29125
2005-07-12,3.28813
2005-07-13,3.29
2005-07-14,3.295
2005-07-15,3.32375
2005-07-18,3.29688
2005-07-19,3.28938
2005-07-20,3.255
2005-07-21,3.28
2005-07-22,3.27875
2005-07-25,3.28875
2005-07-26,3.28625
2005-07-27,3.29063
2005-07-28,3.2925
2005-07-29,3.36375
2005-08-01,3.305
2005-08-02,3.295
2005-08-03,3.27563
2005-08-04,3.3525
2005-08-05,3.4575
2005-08-08,3.54125
2005-08-09,3.5475
2005-08-10,3.5375
2005-08-11,3.52625
2005-08-12,3.525
2005-08-15,3.5925
2005-08-16,3.52813
2005-08-17,3.51813
2005-08-18,3.54125
2005-08-19,3.5275
2005-08-22,3.5375
2005-08-23,3.54
2005-08-24,3.53875
2005-08-25,3.53875
2005-08-26,3.555
2005-08-29,.
2005-08-30,3.59875
2005-08-31,3.62
2005-09-01,3.58375
2005-09-02,3.53875
2005-09-05,.
2005-09-06,3.54625
2005-09-07,3.54875
2005-09-08,3.54063
2005-09-09,3.53688
2005-09-12,3.54875
2005-09-13,3.54375
2005-09-14,3.5475
2005-09-15,3.7275
2005-09-16,3.73625
2005-09-19,3.75625
2005-09-20,3.75313
2005-09-21,3.77125
2005-09-22,3.76625
2005-09-23,3.765
2005-09-26,3.78375
2005-09-27,3.805
2005-09-28,3.83125
2005-09-29,3.84375
2005-09-30,3.945
2005-10-03,3.8525
2005-10-04,3.80063
2005-10-05,3.79125
2005-10-06,3.79
2005-10-07,3.785
2005-10-10,.
2005-10-11,3.80188
2005-10-12,3.80125
2005-10-13,3.7975
2005-10-14,3.80188
2005-10-17,3.84
2005-10-18,3.79938
2005-10-19,3.79375
2005-10-20,3.78
2005-10-21,3.77625
2005-10-24,3.80125
2005-10-25,3.79375
2005-10-26,3.8175
2005-10-27,3.8975
2005-10-28,3.97375
2005-10-31,4.0625
2005-11-01,4.0625
2005-11-02,4.05
2005-11-03,4.035
2005-11-04,4.03063
2005-11-07,4.0425
2005-11-08,4.04
2005-11-09,4.03313
2005-11-10,4.03375
2005-11-11,.
2005-11-14,4.04875
2005-11-15,4.10438
2005-11-16,4.03625
2005-11-17,4.03375
2005-11-18,4.02875
2005-11-21,4.035
2005-11-22,4.04
2005-11-23,4.0425
2005-11-24,.
2005-11-25,4.04375
2005-11-28,4.0525
2005-11-29,4.05375
2005-11-30,4.0775
2005-12-01,4.05188
2005-12-02,4.03563
2005-12-05,4.0425
2005-12-06,4.04375
2005-12-07,4.04188
2005-12-08,4.11
2005-12-09,4.175
2005-12-12,4.25313
2005-12-13,4.26688
2005-12-14,4.26875
2005-12-15,4.35313
2005-12-16,4.28375
2005-12-19,4.2825
2005-12-20,4.285
2005-12-21,4.2875
2005-12-22,4.295
2005-12-23,4.29813
2005-12-26,.
2005-12-27,.
2005-12-28,4.3125
2005-12-29,4.32625
2005-12-30,4.34125
2006-01-02,.
2006-01-03,4.325
2006-01-04,4.31313
2006-01-05,4.31
2006-01-06,4.28875
2006-01-09,4.30063
2006-01-10,4.29625
2006-01-11,4.29375
2006-01-12,4.29875
2006-01-13,4.3125
2006-01-16,.
2006-01-17,4.35
2006-01-18,4.30125
2006-01-19,4.295
2006-01-20,4.28625
2006-01-23,4.2975
2006-01-24,4.3075
2006-01-25,4.34625
2006-01-26,4.41125
2006-01-27,4.46625
2006-01-30,4.535
2006-01-31,4.56375
2006-02-01,4.54125
2006-02-02,4.54188
2006-02-03,4.53625
2006-02-06,4.54313
2006-02-07,4.5425
2006-02-08,4.54125
2006-02-09,4.54125
2006-02-10,4.53875
2006-02-13,4.54375
2006-02-14,4.545
2006-02-15,4.58688
2006-02-16,4.54625
2006-02-17,4.54
2006-02-20,.
2006-02-21,4.55
2006-02-22,4.54875
2006-02-23,4.55
2006-02-24,4.54313
2006-02-27,4.54938
2006-02-28,4.5975
2006-03-01,4.55375
2006-03-02,4.55125
2006-03-03,4.54375
2006-03-06,4.54875
2006-03-07,4.5475
2006-03-08,4.54375
2006-03-09,4.54625
2006-03-10,4.54125
2006-03-13,4.54813
2006-03-14,4.55188
2006-03-15,4.58625
2006-03-16,4.55
2006-03-17,4.54125
2006-03-20,4.55
2006-03-21,4.57625
2006-03-22,4.60875
2006-03-23,4.66063
2006-03-24,4.725
2006-03-27,4.79
2006-03-28,4.795
2006-03-29,4.79313
2006-03-30,4.79875
2006-03-31,4.9
2006-04-03,4.81563
2006-04-04,4.80313
2006-04-05,4.7975
2006-04-06,4.8
2006-04-07,4.79625
2006-04-10,4.8
2006-04-11,4.8025
2006-04-12,4.80063
2006-04-13,4.82125
2006-04-14,.
2006-04-17,.
2006-04-18,4.80188
2006-04-19,4.79625
2006-04-20,4.79063
2006-04-21,4.775
2006-04-24,4.79625
2006-04-25,4.79625
2006-04-26,4.80594
2006-04-27,4.82188
2006-04-28,4.94125
2006-05-01,.
2006-05-02,4.85313
2006-05-03,4.89375
2006-05-04,4.96
2006-05-05,4.98313
2006-05-08,4.99625
2006-05-09,4.98375
2006-05-10,4.97625
2006-05-11,5.03
2006-05-12,5.03438
2006-05-15,5.09875
2006-05-16,5.05188
2006-05-17,5.03625
2006-05-18,5.03625
2006-05-19,5.03375
2006-05-22,5.04375
2006-05-23,5.045
2006-05-24,5.045
2006-05-25,5.0425
2006-05-26,5.04063
2006-05-29,.
2006-05-30,5.05875
2006-05-31,5.12125
2006-06-01,5.07625
2006-06-02,5.045
2006-06-05,5.045
2006-06-06,5.04375
2006-06-07,5.0425
2006-06-08,5.04938
2006-06-09,5.04813
2006-06-12,5.05125
2006-06-13,5.0575
2006-06-14,5.055
2006-06-15,5.10375
2006-06-16,5.04625
2006-06-19,5.04438
2006-06-20,5.04188
2006-06-21,5.0175
2006-06-22,5.07
2006-06-23,5.05313
2006-06-26,5.07813
2006-06-27,5.095
2006-06-28,5.11125
2006-06-29,5.17125
2006-06-30,5.36875
2006-07-03,5.32625
2006-07-04,.
2006-07-05,5.2975
2006-07-06,5.2975
2006-07-07,5.29313
2006-07-10,5.29625
2006-07-11,5.29719
2006-07-12,5.29719
2006-07-13,5.29594
2006-07-14,5.29438
2006-07-17,5.33875
2006-07-18,5.29375
2006-07-19,5.29188
2006-07-20,5.2875
2006-07-21,5.27438
2006-07-24,5.28625
2006-07-25,5.285
2006-07-26,5.2875
2006-07-27,5.29
2006-07-28,5.29
2006-07-31,5.3425
2006-08-01,5.30938
2006-08-02,5.29875
2006-08-03,5.29875
2006-08-04,5.3025
2006-08-07,5.29938
2006-08-08,5.30875
2006-08-09,5.3
2006-08-10,5.29813
2006-08-11,5.29563
2006-08-14,5.29563
2006-08-15,5.335
2006-08-16,5.295
2006-08-17,5.29313
2006-08-18,5.28313
2006-08-21,5.28625
2006-08-22,5.28625
2006-08-23,5.28625
2006-08-24,5.28938
2006-08-25,5.29438
2006-08-28,.
2006-08-29,5.2925
2006-08-30,5.29313
2006-08-31,5.33125
2006-09-01,5.29938
2006-09-04,.
2006-09-05,5.29188
2006-09-06,5.29438
2006-09-07,5.2875
2006-09-08,5.2825
2006-09-11,5.285
2006-09-12,5.28625
2006-09-13,5.27875
2006-09-14,5.2825
2006-09-15,5.31375
2006-09-18,5.28188
2006-09-19,5.28063
2006-09-20,5.275
2006-09-21,5.2775
2006-09-22,5.27094
2006-09-25,5.275
2006-09-26,5.28063
2006-09-27,5.29313
2006-09-28,5.30063
2006-09-29,5.375
2006-10-02,5.3125
2006-10-03,5.29563
2006-10-04,5.29438
2006-10-05,5.285
2006-10-06,5.28313
2006-10-09,.
2006-10-10,5.29188
2006-10-11,5.29313
2006-10-12,5.29313
2006-10-13,5.28875
2006-10-16,5.32125
2006-10-17,5.28875
2006-10-18,5.285
2006-10-19,5.27938
2006-10-20,5.275
2006-10-23,5.28563
2006-10-24,5.285
2006-10-25,5.28313
2006-10-26,5.2875
2006-10-27,5.28563
2006-10-30,5.29313
2006-10-31,5.33
2006-11-01,5.2975
2006-11-02,5.29188
2006-11-03,5.2825
2006-11-06,5.29031
2006-11-07,5.28875
2006-11-08,5.285
2006-11-09,5.2875
2006-11-10,5.28188
2006-11-13,5.285
2006-11-14,5.28625
2006-11-15,5.315
2006-11-16,5.28313
2006-11-17,5.27625
2006-11-20,5.28125
2006-11-21,5.28063
2006-11-22,5.29
2006-11-23,.
2006-11-24,5.28688
2006-11-27,5.2875
2006-11-28,5.29125
2006-11-29,5.29
2006-11-30,5.33
2006-12-01,5.2975
2006-12-04,5.29375
2006-12-05,5.2925
2006-12-06,5.29
2006-12-07,5.29313
2006-12-08,5.28938
2006-12-11,5.28625
2006-12-12,5.28938
2006-12-13,5.28688
2006-12-14,5.2875
2006-12-15,5.32625
2006-12-18,5.29438
2006-12-19,5.29
2006-12-20,5.28938
2006-12-21,5.29
2006-12-22,5.29
2006-12-25,.
2006-12-26,.
2006-12-27,5.29125
2006-12-28,5.30688
2006-12-29,5.3425
2007-01-01,.
2007-01-02,5.3425
2007-01-03,5.30375
2007-01-04,5.30125
2007-01-05,5.30188
2007-01-08,5.3
2007-01-09,5.30188
2007-01-10,5.29563
2007-01-11,5.295
2007-01-12,5.30063
2007-01-15,.
2007-01-16,5.3175
2007-01-17,5.29875
2007-01-18,5.29625
2007-01-19,5.28875
2007-01-22,5.28813
2007-01-23,5.29063
2007-01-24,5.28563
2007-01-25,5.285
2007-01-26,5.285
2007-01-29,5.29375
2007-01-30,5.295
2007-01-31,5.33125
2007-02-01,5.29625
2007-02-02,5.2925
2007-02-05,5.29375
2007-02-06,5.29438
2007-02-07,5.29125
2007-02-08,5.2925
2007-02-09,5.2925
2007-02-12,5.2925
2007-02-13,5.2925
2007-02-14,5.29688
2007-02-15,5.32625
2007-02-16,5.295
2007-02-19,.
2007-02-20,5.305
2007-02-21,5.29688
2007-02-22,5.29188
2007-02-23,5.29313
2007-02-26,5.29563
2007-02-27,5.3
2007-02-28,5.345
2007-03-01,5.3325
2007-03-02,5.30313
2007-03-05,5.29875
2007-03-06,5.3
2007-03-07,5.29875
2007-03-08,5.29813
2007-03-09,5.2975
2007-03-12,5.2975
2007-03-13,5.29875
2007-03-14,5.30375
2007-03-15,5.3625
2007-03-16,5.30313
2007-03-19,5.3025
2007-03-20,5.30063
2007-03-21,5.3
2007-03-22,5.30063
2007-03-23,5.3
2007-03-26,5.3
2007-03-27,5.30188
2007-03-28,5.31125
2007-03-29,5.36
2007-03-30,5.47813
2007-04-02,5.35125
2007-04-03,5.30625
2007-04-04,5.32125
2007-04-05,5.33875
2007-04-06,.
2007-04-09,.
2007-04-10,5.3375
2007-04-11,5.34
2007-04-12,5.34
2007-04-13,5.3375
2007-04-16,5.34375
2007-04-17,5.37688
2007-04-18,5.33125
2007-04-19,5.295
2007-04-20,5.28125
2007-04-23,5.29
2007-04-24,5.29188
2007-04-25,5.29438
2007-04-26,5.29313
2007-04-27,5.2975
2007-04-30,5.35813
2007-05-01,5.35375
2007-05-02,5.31125
2007-05-03,5.305
2007-05-04,5.30438
2007-05-07,.
2007-05-08,5.30063
2007-05-09,5.30063
2007-05-10,5.30063
2007-05-11,5.30063
2007-05-14,5.30063
2007-05-15,5.34125
2007-05-16,5.30813
2007-05-17,5.3025
2007-05-18,5.3
2007-05-21,5.3
2007-05-22,5.29938
2007-05-23,5.29938
2007-05-24,5.30125
2007-05-25,5.30125
2007-05-28,.
2007-05-29,5.31188
2007-05-30,5.3425
2007-05-31,5.36375
2007-06-01,5.3275
2007-06-04,5.30813
2007-06-05,5.30313
2007-06-06,5.30313
2007-06-07,5.30313
2007-06-08,5.30063
2007-06-11,5.30188
2007-06-12,5.3025
2007-06-13,5.30375
2007-06-14,5.30688
2007-06-15,5.34125
2007-06-18,5.30438
2007-06-19,5.30188
2007-06-20,5.29125
2007-06-21,5.29375
2007-06-22,5.29125
2007-06-25,5.295
2007-06-26,5.30375
2007-06-27,5.335
2007-06-28,5.39875
2007-06-29,5.5
2007-07-02,5.36188
2007-07-03,5.32813
2007-07-04,.
2007-07-05,5.3075
2007-07-06,5.30375
2007-07-09,5.30375
2007-07-10,5.3025
2007-07-11,5.29813
2007-07-12,5.3025
2007-07-13,5.30188
2007-07-16,5.3475
2007-07-17,5.30625
2007-07-18,5.305
2007-07-19,5.30438
2007-07-20,5.30063
2007-07-23,5.30375
2007-07-24,5.30313
2007-07-25,5.30375
2007-07-26,5.31063
2007-07-27,5.33375
2007-07-30,5.38063
2007-07-31,5.43375
2007-08-01,5.37813
2007-08-02,5.34875
2007-08-03,5.325
2007-08-06,5.315
2007-08-07,5.3275
2007-08-08,5.35125
2007-08-09,5.86375
2007-08-10,5.95625
2007-08-13,5.77125
2007-08-14,5.40875
2007-08-15,5.30375
2007-08-16,5.12125
2007-08-17,5.29875
2007-08-20,5.3575
2007-08-21,5.35
2007-08-22,5.3475
2007-08-23,5.25125
2007-08-24,5.1975
2007-08-27,.
2007-08-28,5.40625
2007-08-29,5.645
2007-08-30,5.65
2007-08-31,5.5875
2007-09-03,.
2007-09-04,5.5125
2007-09-05,5.5125
2007-09-06,5.4675
2007-09-07,5.4
2007-09-10,5.34125
2007-09-11,5.29875
2007-09-12,5.18125
2007-09-13,5.16375
2007-09-14,5.12625
2007-09-17,5.29875
2007-09-18,5.33125
2007-09-19,4.94375
2007-09-20,4.9375
2007-09-21,4.8975
2007-09-24,4.85813
2007-09-25,4.8525
2007-09-26,4.88
2007-09-27,5.09375
2007-09-28,5.30375
2007-10-01,5.02125
2007-10-02,5.03813
2007-10-03,4.97375
2007-10-04,4.8925
2007-10-05,4.81125
2007-10-08,.
2007-10-09,4.84875
2007-10-10,4.885
2007-10-11,4.865
2007-10-12,4.855
2007-10-15,4.895
2007-10-16,4.88125
2007-10-17,4.85875
2007-10-18,4.84125
2007-10-19,4.80125
2007-10-22,4.80375
2007-10-23,4.81
2007-10-24,4.80375
2007-10-25,4.7825
2007-10-26,4.79375
2007-10-29,4.8075
2007-10-30,4.935
2007-10-31,5.00625
2007-11-01,4.64125
2007-11-02,4.63463
2007-11-05,4.62938
2007-11-06,4.625
2007-11-07,4.565
2007-11-08,4.5575
2007-11-09,4.56
2007-11-12,.
2007-11-13,4.6225
2007-11-14,4.77438
2007-11-15,4.955
2007-11-16,4.7425
2007-11-19,4.64875
2007-11-20,4.64625
2007-11-21,4.65375
2007-11-22,.
2007-11-23,4.6725
2007-11-26,4.67875
2007-11-27,4.7675
2007-11-28,4.79875
2007-11-29,4.69375
2007-11-30,4.71625
2007-12-03,4.705
2007-12-04,4.73125
2007-12-05,4.695
2007-12-06,4.68438
2007-12-07,4.5475
2007-12-10,4.5475
2007-12-11,4.4325
2007-12-12,4.34
2007-12-13,4.3
2007-12-14,4.3025
2007-12-17,4.4175
2007-12-18,4.4
2007-12-19,4.345
2007-12-20,4.3025
2007-12-21,4.29688
2007-12-24,4.39063
2007-12-25,.
2007-12-26,.
2007-12-27,4.43
2007-12-28,4.5
2007-12-31,4.8225
2008-01-01,.
2008-01-02,4.45125
2008-01-03,4.395
2008-01-04,4.3375
2008-01-07,4.3
2008-01-08,4.29375
2008-01-09,4.28719
2008-01-10,4.285
2008-01-11,4.28188
2008-01-14,4.2875
2008-01-15,4.32438
2008-01-16,4.29813
2008-01-17,4.29063
2008-01-18,4.27125
2008-01-21,.
2008-01-22,4.17625
2008-01-23,3.56375
2008-01-24,3.58375
2008-01-25,3.59125
2008-01-28,3.595
2008-01-29,3.595
2008-01-30,3.41
2008-01-31,3.16375
2008-02-01,3.15125
2008-02-04,3.2375
2008-02-05,3.2775
2008-02-06,3.15625
2008-02-07,3.055
2008-02-08,3.055
2008-02-11,3.065
2008-02-12,3.08625
2008-02-13,3.09
2008-02-14,3.11625
2008-02-15,3.20125
2008-02-18,.
2008-02-19,3.16063
2008-02-20,3.15125
2008-02-21,3.11438
2008-02-22,3.06125
2008-02-25,3.07375
2008-02-26,3.07375
2008-02-27,3.07375
2008-02-28,3.08625
2008-02-29,3.1625
2008-03-03,3.1525
2008-03-04,3.16
2008-03-05,3.1525
2008-03-06,3.11563
2008-03-07,3.09375
2008-03-10,3.09625
2008-03-11,3.0975
2008-03-12,3.08125
2008-03-13,3.0775
2008-03-14,3.05375
2008-03-17,3.8625
2008-03-18,3.38125
2008-03-19,2.6475
2008-03-20,2.74875
2008-03-21,.
2008-03-24,.
2008-03-25,2.87375
2008-03-26,2.9475
2008-03-27,3.0775
2008-03-28,2.86625
2008-03-31,3.18125
2008-04-01,3.0375
2008-04-02,3.01375
2008-04-03,2.8375
2008-04-04,2.6525
2008-04-07,2.675
2008-04-08,2.63625
2008-04-09,2.56125
2008-04-10,2.4325
2008-04-11,2.4075
2008-04-14,2.40375
2008-04-15,2.67
2008-04-16,2.68
2008-04-17,2.6625
2008-04-18,2.63
2008-04-21,2.64125
2008-04-22,2.625
2008-04-23,2.50125
2008-04-24,2.4175
2008-04-25,2.39125
2008-04-28,2.445
2008-04-29,2.445
2008-04-30,2.655
2008-05-01,2.46
2008-05-02,2.4725
2008-05-05,.
2008-05-06,2.365
2008-05-07,2.21125
2008-05-08,2.145
2008-05-09,2.14125
2008-05-12,2.195
2008-05-13,2.20125
2008-05-14,2.2025
2008-05-15,2.25625
2008-05-16,2.175
2008-05-19,2.1525
2008-05-20,2.11188
2008-05-21,2.10875
2008-05-22,2.11125
2008-05-23,2.1125
2008-05-26,.
2008-05-27,2.16625
2008-05-28,2.42875
2008-05-29,2.5875
2008-05-30,2.53875
2008-06-02,2.31375
2008-06-03,2.3
2008-06-04,2.21625
2008-06-05,2.125
2008-06-06,2.0925
2008-06-09,2.10125
2008-06-10,2.09625
2008-06-11,2.095
2008-06-12,2.09625
2008-06-13,2.09875
2008-06-16,2.35875
2008-06-17,2.16
2008-06-18,2.09125
2008-06-19,2.07875
2008-06-20,2.0675
2008-06-23,2.085
2008-06-24,2.09188
2008-06-25,2.105
2008-06-26,2.1975
2008-06-27,2.4975
2008-06-30,3.60625
2008-07-01,2.54125
2008-07-02,2.44375
2008-07-03,2.4425
2008-07-04,.
2008-07-07,2.39
2008-07-08,2.36625
2008-07-09,2.3275
2008-07-10,2.1775
2008-07-11,2.145
2008-07-14,2.2025
2008-07-15,2.30875
2008-07-16,2.19375
2008-07-17,2.11125
2008-07-18,2.1025
2008-07-21,2.10625
2008-07-22,2.1
2008-07-23,2.09813
2008-07-24,2.0975
2008-07-25,2.10375
2008-07-28,2.2575
2008-07-29,2.41625
2008-07-30,2.35
2008-07-31,2.3225
2008-08-01,2.2075
2008-08-04,2.20125
2008-08-05,2.21875
2008-08-06,2.1925
2008-08-07,2.19375
2008-08-08,2.15875
2008-08-11,2.18125
2008-08-12,2.1775
2008-08-13,2.18375
2008-08-14,2.175
2008-08-15,2.2525
2008-08-18,2.19125
2008-08-19,2.16875
2008-08-20,2.09625
2008-08-21,2.1
2008-08-22,2.0975
2008-08-25,.
2008-08-26,2.14
2008-08-27,2.15
2008-08-28,2.16375
2008-08-29,2.24875
2008-09-01,.
2008-09-02,2.17125
2008-09-03,2.1625
2008-09-04,2.1475
2008-09-05,2.14375
2008-09-08,2.14625
2008-09-09,2.135
2008-09-10,2.13
2008-09-11,2.13875
2008-09-12,2.14625
2008-09-15,3.10625
2008-09-16,6.4375
2008-09-17,5.03125
2008-09-18,3.84375
2008-09-19,3.25
2008-09-22,2.96875
2008-09-23,2.95
2008-09-24,2.6875
2008-09-25,2.5625
2008-09-26,2.3125
2008-09-29,2.56875
2008-09-30,6.875
2008-10-01,3.79375
2008-10-02,2.68125
2008-10-03,1.99625
2008-10-06,2.36875
2008-10-07,3.9375
2008-10-08,5.375
2008-10-09,5.09375
2008-10-10,2.46875
2008-10-13,.
2008-10-14,2.18125
2008-10-15,2.14375
2008-10-16,1.9375
2008-10-17,1.66875
2008-10-20,1.5125
2008-10-21,1.28125
2008-10-22,1.11875
2008-10-23,1.20625
2008-10-24,1.28125
2008-10-27,1.26875
2008-10-28,1.235
2008-10-29,1.14
2008-10-30,0.73125
2008-10-31,0.40625
2008-11-03,0.3875
2008-11-04,0.375
2008-11-05,0.3225
2008-11-06,0.3275
2008-11-07,0.33125
2008-11-10,0.35
2008-11-11,.
2008-11-12,0.3825
2008-11-13,0.4
2008-11-14,0.4125
2008-11-17,0.4
2008-11-18,0.4
2008-11-19,0.4375
2008-11-20,0.44375
2008-11-21,0.7
2008-11-24,0.80625
2008-11-25,0.93125
2008-11-26,0.9875
2008-11-27,.
2008-11-28,1.1625
2008-12-01,1.0875
2008-12-02,1.00375
2008-12-03,0.88125
2008-12-04,0.51875
2008-12-05,0.28375
2008-12-08,0.18625
2008-12-09,0.14
2008-12-10,0.125
2008-12-11,0.115
2008-12-12,0.11875
2008-12-15,0.11938
2008-12-16,0.15938
2008-12-17,0.1325
2008-12-18,0.1125
2008-12-19,0.11
2008-12-22,0.11375
2008-12-23,0.1175
2008-12-24,0.1475
2008-12-25,.
2008-12-26,.
2008-12-29,0.1375
2008-12-30,0.13875
2008-12-31,0.135
2009-01-01,.
2009-01-02,0.12375
2009-01-05,0.1175
2009-01-06,0.12375
2009-01-07,0.1075
2009-01-08,0.1025
2009-01-09,0.1025
2009-01-12,0.10375
2009-01-13,0.10375
2009-01-14,0.105
2009-01-15,0.1175
2009-01-16,0.13625
2009-01-19,.
2009-01-20,0.14125
2009-01-21,0.1875
2009-01-22,0.21
2009-01-23,0.23625
2009-01-26,0.2325
2009-01-27,0.22
2009-01-28,0.22375
2009-01-29,0.22125
2009-01-30,0.305
2009-02-02,0.285
2009-02-03,0.31125
2009-02-04,0.31875
2009-02-05,0.31625
2009-02-06,0.31
2009-02-09,0.3075
2009-02-10,0.305
2009-02-11,0.30125
2009-02-12,0.2975
2009-02-13,0.3
2009-02-16,.
2009-02-17,0.3125
2009-02-18,0.30438
2009-02-19,0.29375
2009-02-20,0.27813
2009-02-23,0.265
2009-02-24,0.26625
2009-02-25,0.27
2009-02-26,0.28438
2009-02-27,0.3625
2009-03-02,0.31
2009-03-03,0.3175
2009-03-04,0.3125
2009-03-05,0.32
2009-03-06,0.3225
2009-03-09,0.32875
2009-03-10,0.33
2009-03-11,0.32938
2009-03-12,0.3275
2009-03-13,0.32625
2009-03-16,0.32563
2009-03-17,0.31375
2009-03-18,0.30938
2009-03-19,0.29625
2009-03-20,0.28125
2009-03-23,0.28875
2009-03-24,0.28563
2009-03-25,0.2875
2009-03-26,0.29063
2009-03-27,0.27875
2009-03-30,0.28625
2009-03-31,0.51
2009-04-01,0.29625
2009-04-02,0.29
2009-04-03,0.27188
2009-04-06,0.28375
2009-04-07,0.2775
2009-04-08,0.26
2009-04-09,0.26125
2009-04-10,.
2009-04-13,.
2009-04-14,0.2675
2009-04-15,0.2625
2009-04-16,0.25
2009-04-17,0.235
2009-04-20,0.2225
2009-04-21,0.2125
2009-04-22,0.20625
2009-04-23,0.2025
2009-04-24,0.205
2009-04-27,0.20875
2009-04-28,0.21375
2009-04-29,0.2275
2009-04-30,0.23125
2009-05-01,0.23625
2009-05-04,.
2009-05-05,0.23875
2009-05-06,0.2425
2009-05-07,0.235
2009-05-08,0.23375
2009-05-11,0.22625
2009-05-12,0.22125
2009-05-13,0.2225
2009-05-14,0.2225
2009-05-15,0.225
2009-05-18,0.21875
2009-05-19,0.21875
2009-05-20,0.22125
2009-05-21,0.2175
2009-05-22,0.22625
2009-05-25,.
2009-05-26,0.23125
2009-05-27,0.2625
2009-05-28,0.26125
2009-05-29,0.27125
2009-06-01,0.2625
2009-06-02,0.26125
2009-06-03,0.26125
2009-06-04,0.26063
2009-06-05,0.26063
2009-06-08,0.26125
2009-06-09,0.26875
2009-06-10,0.26375
2009-06-11,0.26125
2009-06-12,0.26
2009-06-15,0.26125
2009-06-16,0.26125
2009-06-17,0.26125
2009-06-18,0.26375
2009-06-19,0.2675
2009-06-22,0.27125
2009-06-23,0.2775
2009-06-24,0.27563
2009-06-25,0.27375
2009-06-26,0.265
2009-06-29,0.26375
2009-06-30,0.2775
2009-07-01,0.2675
2009-07-02,0.26813
2009-07-03,0.26688
2009-07-06,0.26063
2009-07-07,0.25875
2009-07-08,0.25125
2009-07-09,0.24813
2009-07-10,0.24313
2009-07-13,0.24313
2009-07-14,0.24438
2009-07-15,0.24
2009-07-16,0.24125
2009-07-17,0.24
2009-07-20,0.23875
2009-07-21,0.235
2009-07-22,0.23
2009-07-23,0.22938
2009-07-24,0.22313
2009-07-27,0.22688
2009-07-28,0.22563
2009-07-29,0.22938
2009-07-30,0.23
2009-07-31,0.235
2009-08-03,0.23188
2009-08-04,0.2425
2009-08-05,0.2475
2009-08-06,0.24625
2009-08-07,0.245
2009-08-10,0.2425
2009-08-11,0.24125
2009-08-12,0.2375
2009-08-13,0.2325
2009-08-14,0.23375
2009-08-17,0.2375
2009-08-18,0.235
2009-08-19,0.23375
2009-08-20,0.23
2009-08-21,0.22875
2009-08-24,0.22875
2009-08-25,0.22813
2009-08-26,0.22688
2009-08-27,0.22688
2009-08-28,0.22938
2009-08-31,.
2009-09-01,0.22938
2009-09-02,0.23
2009-09-03,0.22625
2009-09-04,0.22313
2009-09-07,.
2009-09-08,0.22125
2009-09-09,0.21875
2009-09-10,0.21875
2009-09-11,0.21875
2009-09-14,0.21875
2009-09-15,0.21875
2009-09-16,0.21875
2009-09-17,0.2175
2009-09-18,0.2175
2009-09-21,0.2175
2009-09-22,0.21375
2009-09-23,0.215
2009-09-24,0.21375
2009-09-25,0.2125
2009-09-28,0.2125
2009-09-29,0.21
2009-09-30,0.21125
2009-10-01,0.205
2009-10-02,0.2
2009-10-05,0.2025
2009-10-06,0.2
2009-10-07,0.19625
2009-10-08,0.195
2009-10-09,0.195
2009-10-12,.
2009-10-13,0.19125
2009-10-14,0.18875
2009-10-15,0.1875
2009-10-16,0.18688
2009-10-19,0.18813
2009-10-20,0.18813
2009-10-21,0.18688
2009-10-22,0.185
2009-10-23,0.18625
2009-10-26,0.18438
2009-10-27,0.18375
2009-10-28,0.1825
2009-10-29,0.17875
2009-10-30,0.17875
2009-11-02,0.1775
2009-11-03,0.1775
2009-11-04,0.17875
2009-11-05,0.17838
2009-11-06,0.17713
2009-11-09,0.17838
2009-11-10,0.1775
2009-11-11,.
2009-11-12,0.18
2009-11-13,0.17813
2009-11-16,0.17813
2009-11-17,0.17813
2009-11-18,0.17813
2009-11-19,0.17563
2009-11-20,0.17563
2009-11-23,0.17875
2009-11-24,0.17875
2009-11-25,0.17688
2009-11-26,.
2009-11-27,0.17938
2009-11-30,0.1825
2009-12-01,0.17938
2009-12-02,0.1825
2009-12-03,0.18188
2009-12-04,0.18063
2009-12-07,0.18125
2009-12-08,0.18125
2009-12-09,0.18
2009-12-10,0.17875
2009-12-11,0.17719
2009-12-14,0.17813
2009-12-15,0.17813
2009-12-16,0.17813
2009-12-17,0.17938
2009-12-18,0.17938
2009-12-21,0.17813
2009-12-22,0.17813
2009-12-23,0.17688
2009-12-24,0.17688
2009-12-25,.
2009-12-28,.
2009-12-29,0.18125
2009-12-30,0.18
2009-12-31,0.16875
2010-01-01,.
2010-01-04,0.17375
2010-01-05,0.175
2010-01-06,0.175
2010-01-07,0.175
2010-01-08,0.17313
2010-01-11,0.17313
2010-01-12,0.17313
2010-01-13,0.17313
2010-01-14,0.17188
2010-01-15,0.17188
2010-01-18,.
2010-01-19,0.17188
2010-01-20,0.17063
2010-01-21,0.16938
2010-01-22,0.16938
2010-01-25,0.16938
2010-01-26,0.17063
2010-01-27,0.17063
2010-01-28,0.17063
2010-01-29,0.17313
2010-02-01,0.17063
2010-02-02,0.17313
2010-02-03,0.17313
2010-02-04,0.17188
2010-02-05,0.17313
2010-02-08,0.17063
2010-02-09,0.17063
2010-02-10,0.17063
2010-02-11,0.17063
2010-02-12,0.17188
2010-02-15,.
2010-02-16,0.17125
2010-02-17,0.17125
2010-02-18,0.1725
2010-02-19,0.1725
2010-02-22,0.17625
2010-02-23,0.17594
2010-02-24,0.17406
2010-02-25,0.17406
2010-02-26,0.17375
2010-03-01,0.175
2010-03-02,0.17563
2010-03-03,0.17563
2010-03-04,0.17813
2010-03-05,0.18375
2010-03-08,0.1925
2010-03-09,0.19219
2010-03-10,0.18906
2010-03-11,0.18656
2010-03-12,0.18656
2010-03-15,0.19281
2010-03-16,0.22413
2010-03-17,0.22225
2010-03-18,0.221
2010-03-19,0.221
2010-03-22,0.21975
2010-03-23,0.2185
2010-03-24,0.2185
2010-03-25,0.21725
2010-03-26,0.21813
2010-03-29,0.21688
2010-03-30,0.21825
2010-03-31,0.22513
2010-04-01,0.2195
2010-04-02,.
2010-04-05,.
2010-04-06,0.222
2010-04-07,0.22575
2010-04-08,0.22575
2010-04-09,0.22825
2010-04-12,0.22825
2010-04-13,0.23263
2010-04-14,0.23513
2010-04-15,0.2475
2010-04-16,0.2465
2010-04-19,0.249
2010-04-20,0.25025
2010-04-21,0.25025
2010-04-22,0.25025
2010-04-23,0.25056
2010-04-26,0.24963
2010-04-27,0.25088
2010-04-28,0.25556
2010-04-29,0.25588
2010-04-30,0.26313
2010-05-03,.
2010-05-04,0.26588
2010-05-05,0.27188
2010-05-06,0.27688
2010-05-07,0.32125
2010-05-10,0.3125
2010-05-11,0.3025
2010-05-12,0.29875
2010-05-13,0.29625
2010-05-14,0.2925
2010-05-17,0.3
2010-05-18,0.29563
2010-05-19,0.29875
2010-05-20,0.295
2010-05-21,0.29625
2010-05-24,0.29563
2010-05-25,0.29938
2010-05-26,0.30063
2010-05-27,0.30125
2010-05-28,0.29875
2010-05-31,.
2010-06-01,0.30338
2010-06-02,0.30088
2010-06-03,0.30088
2010-06-04,0.30088
2010-06-07,0.30088
2010-06-08,0.29963
2010-06-09,0.29963
2010-06-10,0.29963
2010-06-11,0.299
2010-06-14,0.29775
2010-06-15,0.2965
2010-06-16,0.2965
2010-06-17,0.29525
2010-06-18,0.29588
2010-06-21,0.29813
2010-06-22,0.29813
2010-06-23,0.29813
2010-06-24,0.29563
2010-06-25,0.29563
2010-06-28,0.29313
2010-06-29,0.29375
2010-06-30,0.30563
2010-07-01,0.30063
2010-07-02,0.295
2010-07-05,.
2010-07-06,0.28875
2010-07-07,0.285
2010-07-08,0.28125
2010-07-09,0.275
2010-07-12,0.27375
2010-07-13,0.27344
2010-07-14,0.27125
2010-07-15,0.27
2010-07-16,0.26875
2010-07-19,0.26375
2010-07-20,0.26094
2010-07-21,0.25719
2010-07-22,0.25125
2010-07-23,0.24781
2010-07-26,0.24594
2010-07-27,0.24563
2010-07-28,0.24313
2010-07-29,0.24213
2010-07-30,0.24094
2010-08-02,0.24031
2010-08-03,0.24031
2010-08-04,0.24031
2010-08-05,0.23781
2010-08-06,0.23781
2010-08-09,0.23656
2010-08-10,0.23594
2010-08-11,0.23313
2010-08-12,0.23125
2010-08-13,0.22938
2010-08-16,0.22875
2010-08-17,0.22663
2010-08-18,0.226
2010-08-19,0.22725
2010-08-20,0.22725
2010-08-23,0.22538
2010-08-24,0.22538
2010-08-25,0.22438
2010-08-26,0.22438
2010-08-27,0.225
2010-08-30,.
2010-08-31,0.22813
2010-09-01,0.22625
2010-09-02,0.22625
2010-09-03,0.22625
2010-09-06,.
2010-09-07,0.22688
2010-09-08,0.22688
2010-09-09,0.22688
2010-09-10,0.22688
2010-09-13,0.22688
2010-09-14,0.22688
2010-09-15,0.22688
2010-09-16,0.2275
2010-09-17,0.22788
2010-09-20,0.22788
2010-09-21,0.22788
2010-09-22,0.22663
2010-09-23,0.22663
2010-09-24,0.22538
2010-09-27,0.22538
2010-09-28,0.225
2010-09-29,0.225
2010-09-30,0.22625
2010-10-01,0.22813
2010-10-04,0.22563
2010-10-05,0.22563
2010-10-06,0.22563
2010-10-07,0.225
2010-10-08,0.225
2010-10-11,.
2010-10-12,0.22563
2010-10-13,0.22563
2010-10-14,0.22688
2010-10-15,0.22688
2010-10-18,0.22688
2010-10-19,0.22625
2010-10-20,0.22688
2010-10-21,0.22688
2010-10-22,0.22563
2010-10-25,0.22563
2010-10-26,0.22563
2010-10-27,0.22563
2010-10-28,0.22563
2010-10-29,0.22563
2010-11-01,0.22563
2010-11-02,0.22563
2010-11-03,0.22563
2010-11-04,0.22563
2010-11-05,0.22563
2010-11-08,0.22563
2010-11-09,0.22563
2010-11-10,0.22563
2010-11-11,.
2010-11-12,0.22563
2010-11-15,0.22625
2010-11-16,0.22938
2010-11-17,0.23063
2010-11-18,0.22938
2010-11-19,0.22938
2010-11-22,0.23063
2010-11-23,0.23188
2010-11-24,0.23313
2010-11-25,.
2010-11-26,0.2325
2010-11-29,0.2325
2010-11-30,0.23625
2010-12-01,0.24
2010-12-02,0.23969
2010-12-03,0.24063
2010-12-06,0.24031
2010-12-07,0.24156
2010-12-08,0.24094
2010-12-09,0.24
2010-12-10,0.23813
2010-12-13,0.23875
2010-12-14,0.2375
2010-12-15,0.24
2010-12-16,0.23875
2010-12-17,0.23813
2010-12-20,0.24125
2010-12-21,0.24125
2010-12-22,0.23875
2010-12-23,0.24125
2010-12-24,0.24438
2010-12-27,.
2010-12-28,.
2010-12-29,0.24563
2010-12-30,0.24688
2010-12-31,0.25188
2011-01-03,.
2011-01-04,0.24688
2011-01-05,0.24375
2011-01-06,0.24375
2011-01-07,0.24125
2011-01-10,0.24125
2011-01-11,0.24
2011-01-12,0.24
2011-01-13,0.24
2011-01-14,0.23875
2011-01-17,.
2011-01-18,0.24
2011-01-19,0.23688
2011-01-20,0.23688
2011-01-21,0.23688
2011-01-24,0.23688
2011-01-25,0.23688
2011-01-26,0.23688
2011-01-27,0.23563
2011-01-28,0.23563
2011-01-31,0.23531
2011-02-01,0.236
2011-02-02,0.235
2011-02-03,0.237
2011-02-04,0.2369
2011-02-07,0.2374
2011-02-08,0.2355
2011-02-09,0.2355
2011-02-10,0.234
2011-02-11,0.234
2011-02-14,0.233
2011-02-15,0.2335
2011-02-16,0.2335
2011-02-17,0.231
2011-02-18,0.2295
2011-02-21,.
2011-02-22,0.228
2011-02-23,0.227
2011-02-24,0.2255
2011-02-25,0.2255
2011-02-28,0.2255
2011-03-01,0.2255
2011-03-02,0.2235
2011-03-03,0.2215
2011-03-04,0.2215
2011-03-07,0.2205
2011-03-08,0.2195
2011-03-09,0.2175
2011-03-10,0.216
2011-03-11,0.2155
2011-03-14,0.2135
2011-03-15,0.2115
2011-03-16,0.2115
2011-03-17,0.2065
2011-03-18,0.2055
2011-03-21,0.2045
2011-03-22,0.2025
2011-03-23,0.1995
2011-03-24,0.1955
2011-03-25,0.194
2011-03-28,0.192
2011-03-29,0.189
2011-03-30,0.1855
2011-03-31,0.1845
2011-04-01,0.184
2011-04-04,0.1782
2011-04-05,0.1697
2011-04-06,0.1628
2011-04-07,0.157
2011-04-08,0.15475
2011-04-11,0.15075
2011-04-12,0.144
2011-04-13,0.1405
2011-04-14,0.138
2011-04-15,0.1365
2011-04-18,0.1345
2011-04-19,0.1335
2011-04-20,0.1335
2011-04-21,0.1355
2011-04-22,.
2011-04-25,.
2011-04-26,0.135
2011-04-27,0.13475
2011-04-28,0.13375
2011-04-29,.
2011-05-02,.
2011-05-03,0.134
2011-05-04,0.1335
2011-05-05,0.1315
2011-05-06,0.13225
2011-05-09,0.13225
2011-05-10,0.13225
2011-05-11,0.132
2011-05-12,0.1315
2011-05-13,0.1315
2011-05-16,0.1315
2011-05-17,0.1305
2011-05-18,0.1305
2011-05-19,0.13025
2011-05-20,0.13
2011-05-23,0.13
2011-05-24,0.129
2011-05-25,0.129
2011-05-26,0.129
2011-05-27,0.127
2011-05-30,.
2011-05-31,0.128
2011-06-01,0.127
2011-06-02,0.1265
2011-06-03,0.1265
2011-06-06,0.126
2011-06-07,0.1265
2011-06-08,0.1265
2011-06-09,0.127
2011-06-10,0.127
2011-06-13,0.127
2011-06-14,0.1275
2011-06-15,0.1285
2011-06-16,0.128
2011-06-17,0.128
2011-06-20,0.128
2011-06-21,0.1275
2011-06-22,0.1275
2011-06-23,0.1265
2011-06-24,0.1275
2011-06-27,0.1265
2011-06-28,0.1265
2011-06-29,0.1255
2011-06-30,0.128
2011-07-01,0.1255
2011-07-04,.
2011-07-05,0.125
2011-07-06,0.1245
2011-07-07,0.1245
2011-07-08,0.1245
2011-07-11,0.1245
2011-07-12,0.1255
2011-07-13,0.124
2011-07-14,0.123
2011-07-15,0.12225
2011-07-18,0.12175
2011-07-19,0.12225
2011-07-20,0.12225
2011-07-21,0.1225
2011-07-22,0.12225
2011-07-25,0.1225
2011-07-26,0.122
2011-07-27,0.12225
2011-07-28,0.12375
2011-07-29,0.13125
2011-08-01,0.12861
2011-08-02,0.17167
2011-08-03,0.17833
2011-08-04,0.15278
2011-08-05,0.13611
2011-08-08,0.13611
2011-08-09,0.13611
2011-08-10,0.13833
2011-08-11,0.13944
2011-08-12,0.14278
2011-08-15,0.145
2011-08-16,0.14278
2011-08-17,0.14167
2011-08-18,0.14167
2011-08-19,0.14167
2011-08-22,0.14333
2011-08-23,0.14444
2011-08-24,0.14444
2011-08-25,0.14444
2011-08-26,0.14333
2011-08-29,.
2011-08-30,0.14333
2011-08-31,0.14667
2011-09-01,0.14222
2011-09-02,0.14111
2011-09-05,.
2011-09-06,0.14333
2011-09-07,0.14333
2011-09-08,0.14444
2011-09-09,0.14278
2011-09-12,0.14389
2011-09-13,0.145
2011-09-14,0.14667
2011-09-15,0.14722
2011-09-16,0.14667
2011-09-19,0.14833
2011-09-20,0.14667
2011-09-21,0.14611
2011-09-22,0.14611
2011-09-23,0.14611
2011-09-26,0.14611
2011-09-27,0.145
2011-09-28,0.14611
2011-09-29,0.145
2011-09-30,0.15222
2011-10-03,0.14444
2011-10-04,0.14333
2011-10-05,0.14278
2011-10-06,0.14267
2011-10-07,0.13944
2011-10-10,.
2011-10-11,0.14167
2011-10-12,0.14056
2011-10-13,0.14056
2011-10-14,0.13944
2011-10-17,0.14278
2011-10-18,0.14056
2011-10-19,0.14056
2011-10-20,0.14167
2011-10-21,0.14167
2011-10-24,0.14167
2011-10-25,0.14222
2011-10-26,0.14222
2011-10-27,0.14222
2011-10-28,0.14222
2011-10-31,0.14222
2011-11-01,0.14222
2011-11-02,0.14222
2011-11-03,0.14111
2011-11-04,0.14111
2011-11-07,0.14111
2011-11-08,0.14111
2011-11-09,0.14056
2011-11-10,0.14111
2011-11-11,.
2011-11-14,0.14222
2011-11-15,0.14389
2011-11-16,0.14167
2011-11-17,0.14278
2011-11-18,0.14278
2011-11-21,0.14278
2011-11-22,0.14278
2011-11-23,0.14278
2011-11-24,.
2011-11-25,0.14389
2011-11-28,0.14611
2011-11-29,0.145
2011-11-30,0.145
2011-12-01,0.14556
2011-12-02,0.14611
2011-12-05,0.1495
2011-12-06,0.15
2011-12-07,0.1505
2011-12-08,0.15
2011-12-09,0.15
2011-12-12,0.15
2011-12-13,0.1505
2011-12-14,0.1505
2011-12-15,0.1505
2011-12-16,0.1505
2011-12-19,0.1505
2011-12-20,0.1505
2011-12-21,0.1505
2011-12-22,0.15
2011-12-23,0.15
2011-12-26,.
2011-12-27,.
2011-12-28,0.15
2011-12-29,0.1495
2011-12-30,0.154
2012-01-02,.
2012-01-03,0.149
2012-01-04,0.15
2012-01-05,0.1495
2012-01-06,0.149
2012-01-09,0.149
2012-01-10,0.15
2012-01-11,0.149
2012-01-12,0.147
2012-01-13,0.146
2012-01-16,.
2012-01-17,0.1465
2012-01-18,0.1464
2012-01-19,0.1454
2012-01-20,0.1443
2012-01-23,0.1445
2012-01-24,0.1445
2012-01-25,0.1415
2012-01-26,0.141
2012-01-27,0.141
2012-01-30,0.1395
2012-01-31,0.1395
2012-02-01,0.139
2012-02-02,0.141
2012-02-03,0.142
2012-02-06,0.1415
2012-02-07,0.144
2012-02-08,0.142
2012-02-09,0.142
2012-02-10,0.142
2012-02-13,0.142
2012-02-14,0.144
2012-02-15,0.143
2012-02-16,0.142
2012-02-17,0.141
2012-02-20,.
2012-02-21,0.1405
2012-02-22,0.1405
2012-02-23,0.1395
2012-02-24,0.1385
2012-02-27,0.139
2012-02-28,0.139
2012-02-29,0.139
2012-03-01,0.1385
2012-03-02,0.1395
2012-03-05,0.1405
2012-03-06,0.1415
2012-03-07,0.1415
2012-03-08,0.1415
2012-03-09,0.1415
2012-03-12,0.1425
2012-03-13,0.1437
2012-03-14,0.1467
2012-03-15,0.1485
2012-03-16,0.1485
2012-03-19,0.149
2012-03-20,0.1515
2012-03-21,0.1525
2012-03-22,0.1535
2012-03-23,0.153
2012-03-26,0.153
2012-03-27,0.153
2012-03-28,0.153
2012-03-29,0.153
2012-03-30,0.1525
2012-04-02,0.15
2012-04-03,0.151
2012-04-04,0.151
2012-04-05,0.151
2012-04-06,.
2012-04-09,.
2012-04-10,0.151
2012-04-11,0.151
2012-04-12,0.15
2012-04-13,0.15
2012-04-16,0.15
2012-04-17,0.15
2012-04-18,0.148
2012-04-19,0.149
2012-04-20,0.148
2012-04-23,0.147
2012-04-24,0.145
2012-04-25,0.144
2012-04-26,0.146
2012-04-27,0.146
2012-04-30,0.147
2012-05-01,0.147
2012-05-02,0.147
2012-05-03,0.147
2012-05-04,0.147
2012-05-07,.
2012-05-08,0.147
2012-05-09,0.147
2012-05-10,0.148
2012-05-11,0.149
2012-05-14,0.15
2012-05-15,0.1515
2012-05-16,0.1555
2012-05-17,0.1545
2012-05-18,0.155
2012-05-21,0.1555
2012-05-22,0.1555
2012-05-23,0.156
2012-05-24,0.153
2012-05-25,0.153
2012-05-28,.
2012-05-29,0.154
2012-05-30,0.154
2012-05-31,0.156
2012-06-01,0.157
2012-06-04,.
2012-06-05,.
2012-06-06,0.159
2012-06-07,0.159
2012-06-08,0.1595
2012-06-11,0.1595
2012-06-12,0.1595
2012-06-13,0.1605
2012-06-14,0.1605
2012-06-15,0.1625
2012-06-18,0.1625
2012-06-19,0.164
2012-06-20,0.165
2012-06-21,0.166
2012-06-22,0.166
2012-06-25,0.166
2012-06-26,0.167
2012-06-27,0.1665
2012-06-28,0.1675
2012-06-29,0.1695
2012-07-02,0.168
2012-07-03,0.17
2012-07-04,.
2012-07-05,0.1705
2012-07-06,0.1705
2012-07-09,0.1705
2012-07-10,0.1705
2012-07-11,0.169
2012-07-12,0.169
2012-07-13,0.169
2012-07-16,0.169
2012-07-17,0.169
2012-07-18,0.169
2012-07-19,0.168
2012-07-20,0.1665
2012-07-23,0.1655
2012-07-24,0.1625
2012-07-25,0.1629
2012-07-26,0.1629
2012-07-27,0.1624
2012-07-30,0.1624
2012-07-31,0.1614
2012-08-01,0.1599
2012-08-02,0.1594
2012-08-03,0.1589
2012-08-06,0.1584
2012-08-07,0.1564
2012-08-08,0.1544
2012-08-09,0.1534
2012-08-10,0.1534
2012-08-13,0.1514
2012-08-14,0.1539
2012-08-15,0.1529
2012-08-16,0.1529
2012-08-17,0.1524
2012-08-20,0.1524
2012-08-21,0.1524
2012-08-22,0.1524
2012-08-23,0.1514
2012-08-24,0.1514
2012-08-27,.
2012-08-28,0.1514
2012-08-29,0.1514
2012-08-30,0.1514
2012-08-31,0.1504
2012-09-03,.
2012-09-04,0.1514
2012-09-05,0.1514
2012-09-06,0.1529
2012-09-07,0.1524
2012-09-10,0.1524
2012-09-11,0.1524
2012-09-12,0.1524
2012-09-13,0.1524
2012-09-14,0.1539
2012-09-17,0.1529
2012-09-18,0.1519
2012-09-19,0.1519
2012-09-20,0.1514
2012-09-21,0.1514
2012-09-24,0.1514
2012-09-25,0.1509
2012-09-26,0.1509
2012-09-27,0.1516
2012-09-28,0.1516
2012-10-01,0.1501
2012-10-02,0.1501
2012-10-03,0.1521
2012-10-04,0.1521
2012-10-05,0.1531
2012-10-08,0.1531
2012-10-09,0.1531
2012-10-10,0.1525
2012-10-11,0.1525
2012-10-12,0.1525
2012-10-15,0.1535
2012-10-16,0.1545
2012-10-17,0.1535
2012-10-18,0.1535
2012-10-19,0.1535
2012-10-22,0.1535
2012-10-23,0.1535
2012-10-24,0.1535
2012-10-25,0.1545
2012-10-26,0.1535
2012-10-29,0.1545
2012-10-30,0.155
2012-10-31,0.156
2012-11-01,0.155
2012-11-02,0.156
2012-11-05,0.156
2012-11-06,0.1545
2012-11-07,0.1545
2012-11-08,0.153
2012-11-09,0.154
2012-11-12,0.154
2012-11-13,0.153
2012-11-14,0.1535
2012-11-15,0.1545
2012-11-16,0.1545
2012-11-19,0.1545
2012-11-20,0.1545
2012-11-21,0.1545
2012-11-22,0.1545
2012-11-23,0.155
2012-11-26,0.156
2012-11-27,0.159
2012-11-28,0.16
2012-11-29,0.16
2012-11-30,0.1605
2012-12-03,0.1605
2012-12-04,0.16
2012-12-05,0.16
2012-12-06,0.1625
2012-12-07,0.1625
2012-12-10,0.1625
2012-12-11,0.1615
2012-12-12,0.1615
2012-12-13,0.1615
2012-12-14,0.1625
2012-12-17,0.164
2012-12-18,0.1635
2012-12-19,0.1635
2012-12-20,0.1635
2012-12-21,0.1635
2012-12-24,0.1655
2012-12-25,.
2012-12-26,.
2012-12-27,0.167
2012-12-28,0.1665
2012-12-31,0.168
2013-01-01,.
2013-01-02,0.1655
2013-01-03,0.1665
2013-01-04,0.1665
2013-01-07,0.1645
2013-01-08,0.164
2013-01-09,0.164
2013-01-10,0.1605
2013-01-11,0.1595
2013-01-14,0.1595
2013-01-15,0.1595
2013-01-16,0.1635
2013-01-17,0.1585
2013-01-18,0.158
2013-01-21,0.158
2013-01-22,0.1605
2013-01-23,0.1595
2013-01-24,0.1565
2013-01-25,0.159
2013-01-28,0.16
2013-01-29,0.157
2013-01-30,0.155
2013-01-31,0.154
2013-02-01,0.155
2013-02-04,0.155
2013-02-05,0.156
2013-02-06,0.154
2013-02-07,0.153
2013-02-08,0.153
2013-02-11,0.154
2013-02-12,0.153
2013-02-13,0.152
2013-02-14,0.154
2013-02-15,0.155
2013-02-18,.
2013-02-19,0.154
2013-02-20,0.1555
2013-02-21,0.1565
2013-02-22,0.1565
2013-02-25,0.1565
2013-02-26,0.1565
2013-02-27,0.1555
2013-02-28,0.153
2013-03-01,0.154
2013-03-04,0.154
2013-03-05,0.154
2013-03-06,0.153
2013-03-07,0.155
2013-03-08,0.155
2013-03-11,0.155
2013-03-12,0.155
2013-03-13,0.155
2013-03-14,0.153
2013-03-15,0.153
2013-03-18,0.155
2013-03-19,0.156
2013-03-20,0.155
2013-03-21,0.156
2013-03-22,0.157
2013-03-25,0.157
2013-03-26,0.157
2013-03-27,0.156
2013-03-28,0.156
2013-03-29,.
2013-04-01,.
2013-04-02,0.154
2013-04-03,0.154
2013-04-04,0.154
2013-04-05,0.154
2013-04-08,0.155
2013-04-09,0.155
2013-04-10,0.155
2013-04-11,0.155
2013-04-12,0.157
2013-04-15,0.157
2013-04-16,0.157
2013-04-17,0.157
2013-04-18,0.157
2013-04-19,0.156
2013-04-22,0.155
2013-04-23,0.154
2013-04-24,0.152
2013-04-25,0.15
2013-04-26,0.149
2013-04-29,0.148
2013-04-30,0.147
2013-05-01,0.148
2013-05-02,0.15
2013-05-03,0.15
2013-05-06,.
2013-05-07,0.1485
2013-05-08,0.1485
2013-05-09,0.1475
2013-05-10,0.146
2013-05-13,0.1465
2013-05-14,0.146
2013-05-15,0.145
2013-05-16,0.147
2013-05-17,0.1465
2013-05-20,0.1464
2013-05-21,0.1464
2013-05-22,0.1425
2013-05-23,0.1389
2013-05-24,0.135
2013-05-27,.
2013-05-28,0.1337
2013-05-29,0.1349
2013-05-30,0.1341
2013-05-31,0.1322
2013-06-03,0.1338
2013-06-04,0.1343
2013-06-05,0.133
2013-06-06,0.133
2013-06-07,0.1326
2013-06-10,0.1329
2013-06-11,0.1314
2013-06-12,0.1314
2013-06-13,0.1305
2013-06-14,0.129
2013-06-17,0.1308
2013-06-18,0.1283
2013-06-19,0.1271
2013-06-20,0.1269
2013-06-21,0.1303
2013-06-24,0.1316
2013-06-25,0.1321
2013-06-26,0.1319
2013-06-27,0.1289
2013-06-28,0.125
2013-07-01,0.1245
2013-07-02,0.1263
2013-07-03,0.1243
2013-07-04,.
2013-07-05,0.1253
2013-07-08,0.1243
2013-07-09,0.1251
2013-07-10,0.1251
2013-07-11,0.1209
2013-07-12,0.1202
2013-07-15,0.11979
2013-07-16,0.11894
2013-07-17,0.11768
2013-07-18,0.11812
2013-07-19,0.11746
2013-07-22,0.12021
2013-07-23,0.11935
2013-07-24,0.11965
2013-07-25,0.11938
2013-07-26,0.11874
2013-07-29,0.1198
2013-07-30,0.119
2013-07-31,0.1187
2013-08-01,0.1176
2013-08-02,0.11703
2013-08-05,0.1186
2013-08-06,0.1196
2013-08-07,0.1198
2013-08-08,0.1207
2013-08-09,0.1196
2013-08-12,0.1198
2013-08-13,0.1189
2013-08-14,0.1183
2013-08-15,0.1178
2013-08-16,0.1176
2013-08-19,0.1165
2013-08-20,0.1162
2013-08-21,0.1153
2013-08-22,0.1157
2013-08-23,0.1168
2013-08-26,.
2013-08-27,0.1173
2013-08-28,0.118
2013-08-29,0.117
2013-08-30,0.1163
2013-09-02,.
2013-09-03,0.1153
2013-09-04,0.1158
2013-09-05,0.1165
2013-09-06,0.1165
2013-09-09,0.1157
2013-09-10,0.1152
2013-09-11,0.114
2013-09-12,0.1128
2013-09-13,0.1119
2013-09-16,0.113
2013-09-17,0.1115
2013-09-18,0.1115
2013-09-19,0.1114
2013-09-20,0.1119
2013-09-23,0.1114
2013-09-24,0.1105
2013-09-25,0.1111
2013-09-26,0.1104
2013-09-27,0.1093
2013-09-30,0.1052
2013-10-01,0.105
2013-10-02,0.1051
2013-10-03,0.1032
2013-10-04,0.1013
2013-10-07,0.1022
2013-10-08,0.1018
2013-10-09,0.1022
2013-10-10,0.1065
2013-10-11,0.1038
2013-10-14,.
2013-10-15,0.1048
2013-10-16,0.1069
2013-10-17,0.1077
2013-10-18,0.109
2013-10-21,0.1066
2013-10-22,0.1051
2013-10-23,0.1051
2013-10-24,0.1026
2013-10-25,0.1024
2013-10-28,0.1033
2013-10-29,0.1035
2013-10-30,0.1024
2013-10-31,0.1037
2013-11-01,0.0999
2013-11-04,0.1014
2013-11-05,0.1024
2013-11-06,0.1023
2013-11-07,0.1017
2013-11-08,0.1021
2013-11-11,.
2013-11-12,0.1006
2013-11-13,0.1012
2013-11-14,0.1017
2013-11-15,0.1049
2013-11-18,0.1063
2013-11-19,0.1037
2013-11-20,0.1036
2013-11-21,0.1031
2013-11-22,0.1028
2013-11-25,0.1041
2013-11-26,0.1033
2013-11-27,0.1029
2013-11-28,.
2013-11-29,0.1047
2013-12-02,0.101
2013-12-03,0.1026
2013-12-04,0.1025
2013-12-05,0.103
2013-12-06,0.1041
2013-12-09,0.1037
2013-12-10,0.1021
2013-12-11,0.1015
2013-12-12,0.1013
2013-12-13,0.1
2013-12-16,0.1017
2013-12-17,0.1018
2013-12-18,0.1021
2013-12-19,0.102
2013-12-20,0.1018
2013-12-23,0.1011
2013-12-24,0.1007
2013-12-25,.
2013-12-26,.
2013-12-27,0.096
2013-12-30,0.096
2013-12-31,0.0795
2014-01-01,.
2014-01-02,0.0956
2014-01-03,0.095
2014-01-06,0.0945
2014-01-07,0.0926
2014-01-08,0.0925
2014-01-09,0.0919
2014-01-10,0.0918
2014-01-13,0.0921
2014-01-14,0.0921
2014-01-15,0.09
2014-01-16,0.0896
2014-01-17,0.0886
2014-01-20,.
2014-01-21,0.0896
2014-01-22,0.0901
2014-01-23,0.0898
2014-01-24,0.0887
2014-01-27,0.0866
2014-01-28,0.0851
2014-01-29,0.0847
2014-01-30,0.085
2014-01-31,0.0862
2014-02-03,0.0855
2014-02-04,0.085
2014-02-05,0.085
2014-02-06,0.085
2014-02-07,0.0856
2014-02-10,0.0856
2014-02-11,0.085
2014-02-12,0.0865
2014-02-13,0.086
2014-02-14,0.0856
2014-02-17,.
2014-02-18,0.084
2014-02-19,0.0861
2014-02-20,0.0865
2014-02-21,0.0865
2014-02-24,0.0874
2014-02-25,0.0876
2014-02-26,0.0882
2014-02-27,0.0887
2014-02-28,0.09
2014-03-03,0.0878
2014-03-04,0.0883
2014-03-05,0.0879
2014-03-06,0.0876
2014-03-07,0.0877
2014-03-10,0.0901
2014-03-11,0.0885
2014-03-12,0.0889
2014-03-13,0.0879
2014-03-14,0.0878
2014-03-17,0.0886
2014-03-18,0.0885
2014-03-19,0.089
2014-03-20,0.0885
2014-03-21,0.0905
2014-03-24,0.0903
2014-03-25,0.0904
2014-03-26,0.0903
2014-03-27,0.0908
2014-03-28,0.0899
2014-03-31,0.0855
2014-04-01,0.0884
2014-04-02,0.0874
2014-04-03,0.0881
2014-04-04,0.0884
2014-04-07,0.0865
2014-04-08,0.0885
2014-04-09,0.0886
2014-04-10,0.0885
2014-04-11,0.087
2014-04-14,0.087
2014-04-15,0.088
2014-04-16,0.0907
2014-04-17,0.0905
2014-04-18,.
2014-04-21,.
2014-04-22,0.0915
2014-04-23,0.0898
2014-04-24,0.0889
2014-04-25,0.0897
2014-04-28,0.0895
2014-04-29,0.0882
2014-04-30,0.0876
2014-05-01,0.088
2014-05-02,0.0885
2014-05-05,.
2014-05-06,0.0905
2014-05-07,0.0891
2014-05-08,0.0885
2014-05-09,0.0886
2014-05-12,0.0894
2014-05-13,0.0898
2014-05-14,0.0879
2014-05-15,0.0893
2014-05-16,0.0884
2014-05-19,0.0875
2014-05-20,0.0879
2014-05-21,0.088
2014-05-22,0.0883
2014-05-23,0.0877
2014-05-26,.
2014-05-27,0.0884
2014-05-28,0.0885
2014-05-29,0.0875
2014-05-30,0.0866
2014-06-02,0.089
2014-06-03,0.088
2014-06-04,0.09
2014-06-05,0.0925
2014-06-06,0.0909
2014-06-09,0.0901
2014-06-10,0.0893
2014-06-11,0.0888
2014-06-12,0.0919
2014-06-13,0.0922
2014-06-16,0.0921
2014-06-17,0.094
2014-06-18,0.096
2014-06-19,0.095
2014-06-20,0.0955
2014-06-23,0.0953
2014-06-24,0.096
2014-06-25,0.0955
2014-06-26,0.0962
2014-06-27,0.0966
2014-06-30,0.0936
2014-07-01,0.095
2014-07-02,0.0959
2014-07-03,0.0954
2014-07-04,.
2014-07-07,0.0945
2014-07-08,0.0941
2014-07-09,0.0942
2014-07-10,0.094
2014-07-11,0.0939
2014-07-14,0.0934
2014-07-15,0.0942
2014-07-16,0.0924
2014-07-17,0.0925
2014-07-18,0.093
2014-07-21,0.0915
2014-07-22,0.0925
2014-07-23,0.092
2014-07-24,0.0913
2014-07-25,0.0915
2014-07-28,0.0907
2014-07-29,0.0911
2014-07-30,0.091
2014-07-31,0.0865
2014-08-01,0.0899
2014-08-04,0.0905
2014-08-05,0.0899
2014-08-06,0.0899
2014-08-07,0.0895
2014-08-08,0.0895
2014-08-11,0.0902
2014-08-12,0.0901
2014-08-13,0.0903
2014-08-14,0.0911
2014-08-15,0.0915
2014-08-18,0.0914
2014-08-19,0.0919
2014-08-20,0.0911
2014-08-21,0.092
2014-08-22,0.0919
2014-08-25,.
2014-08-26,0.092
2014-08-27,0.092
2014-08-28,0.0915
2014-08-29,0.0895
2014-09-01,.
2014-09-02,0.0905
2014-09-03,0.0905
2014-09-04,0.091
2014-09-05,0.091
2014-09-08,0.091
2014-09-09,0.0905
2014-09-10,0.0909
2014-09-11,0.0906
2014-09-12,0.091
2014-09-15,0.091
2014-09-16,0.091
2014-09-17,0.091
2014-09-18,0.0907
2014-09-19,0.0912
2014-09-22,0.0903
2014-09-23,0.0909
2014-09-24,0.0908
2014-09-25,0.0908
2014-09-26,0.0905
2014-09-29,0.0905
2014-09-30,0.0808
2014-10-01,0.0908
2014-10-02,0.0895
2014-10-03,0.0899
2014-10-06,0.0905
2014-10-07,0.0902
2014-10-08,0.09
2014-10-09,0.0904
2014-10-10,0.0905
2014-10-13,.
2014-10-14,0.091
2014-10-15,0.092
2014-10-16,0.0913
2014-10-17,0.091
2014-10-20,0.0915
2014-10-21,0.091
2014-10-22,0.0915
2014-10-23,0.0905
2014-10-24,0.0905
2014-10-27,0.09
2014-10-28,0.0905
2014-10-29,0.0915
2014-10-30,0.0911
2014-10-31,0.088
2014-11-03,0.0925
2014-11-04,0.0925
2014-11-05,0.0925
2014-11-06,0.0935
2014-11-07,0.094
2014-11-10,0.094
2014-11-11,.
2014-11-12,0.0945
2014-11-13,0.0939
2014-11-14,0.094
2014-11-17,0.0945
2014-11-18,0.0964
2014-11-19,0.0985
2014-11-20,0.0994
2014-11-21,0.1015
2014-11-24,0.1015
2014-11-25,0.1025
2014-11-26,0.102
2014-11-27,.
2014-11-28,0.0977
2014-12-01,0.1017
2014-12-02,0.1067
2014-12-03,0.1095
2014-12-04,0.111
2014-12-05,0.111
2014-12-08,0.111
2014-12-09,0.11
2014-12-10,0.112
2014-12-11,0.1125
2014-12-12,0.1104
2014-12-15,0.1105
2014-12-16,0.11
2014-12-17,0.1108
2014-12-18,0.1117
2014-12-19,0.114
2014-12-22,0.1142
2014-12-23,0.1141
2014-12-24,0.1151
2014-12-25,.
2014-12-26,.
2014-12-29,0.1161
2014-12-30,0.1146
2014-12-31,0.0852
2015-01-01,.
2015-01-02,0.1126
2015-01-05,0.1164
2015-01-06,0.1187
2015-01-07,0.1189
2015-01-08,0.1191
2015-01-09,0.1191
2015-01-12,0.1165
2015-01-13,0.1167
2015-01-14,0.1196
2015-01-15,0.1201
2015-01-16,0.1201
2015-01-19,.
2015-01-20,0.1208
2015-01-21,0.1214
2015-01-22,0.1214
2015-01-23,0.1199
2015-01-26,0.1199
2015-01-27,0.1196
2015-01-28,0.1177
2015-01-29,0.1194
2015-01-30,0.115
2015-02-02,0.116
2015-02-03,0.1175
2015-02-04,0.118
2015-02-05,0.118
2015-02-06,0.1175
2015-02-09,0.117
2015-02-10,0.116
2015-02-11,0.118
2015-02-12,0.1195
2015-02-13,0.1175
2015-02-16,.
2015-02-17,0.1175
2015-02-18,0.118
2015-02-19,0.1185
2015-02-20,0.1205
2015-02-23,0.119
2015-02-24,0.119
2015-02-25,0.118
2015-02-26,0.118
2015-02-27,0.116
2015-03-02,0.1192
2015-03-03,0.1215
2015-03-04,0.1215
2015-03-05,0.1215
2015-03-06,0.1215
2015-03-09,0.1215
2015-03-10,0.122
2015-03-11,0.122
2015-03-12,0.1225
2015-03-13,0.123
2015-03-16,0.123
2015-03-17,0.1225
2015-03-18,0.122
2015-03-19,0.122
2015-03-20,0.122
2015-03-23,0.1225
2015-03-24,0.122
2015-03-25,0.1215
2015-03-26,0.121
2015-03-27,0.121
2015-03-30,0.12
2015-03-31,0.114
2015-04-01,0.1225
2015-04-02,0.1215
2015-04-03,.
2015-04-06,.
2015-04-07,0.122
2015-04-08,0.121
2015-04-09,0.121
2015-04-10,0.122
2015-04-13,0.122
2015-04-14,0.122
2015-04-15,0.122
2015-04-16,0.122
2015-04-17,0.122
2015-04-20,0.122
2015-04-21,0.1225
2015-04-22,0.122
2015-04-23,0.1225
2015-04-24,0.1225
2015-04-27,0.1225
2015-04-28,0.123
2015-04-29,0.123
2015-04-30,0.12
2015-05-01,0.122
2015-05-04,.
2015-05-05,0.123
2015-05-06,0.123
2015-05-07,0.123
2015-05-08,0.123
2015-05-11,0.123
2015-05-12,0.123
2015-05-13,0.123
2015-05-14,0.123
2015-05-15,0.124
2015-05-18,0.124
2015-05-19,0.124
2015-05-20,0.124
2015-05-21,0.124
2015-05-22,0.124
2015-05-25,.
2015-05-26,0.123
2015-05-27,0.123
2015-05-28,0.123
2015-05-29,0.121
2015-06-01,0.123
2015-06-02,0.1235
2015-06-03,0.123
2015-06-04,0.123
2015-06-05,0.123
2015-06-08,0.123
2015-06-09,0.123
2015-06-10,0.123
2015-06-11,0.123
2015-06-12,0.123
2015-06-15,0.1235
2015-06-16,0.1235
2015-06-17,0.123
2015-06-18,0.1235
2015-06-19,0.1245
2015-06-22,0.1245
2015-06-23,0.124
2015-06-24,0.1235
2015-06-25,0.1245
2015-06-26,0.124
2015-06-29,0.1236
2015-06-30,0.112
2015-07-01,0.123
2015-07-02,0.125
2015-07-03,0.1255
2015-07-06,0.1255
2015-07-07,0.126
2015-07-08,0.1255
2015-07-09,0.1255
2015-07-10,0.1265
2015-07-13,0.128
2015-07-14,0.128
2015-07-15,0.128
2015-07-16,0.128
2015-07-17,0.128
2015-07-20,0.1275
2015-07-21,0.1275
2015-07-22,0.1285
2015-07-23,0.1265
2015-07-24,0.1265
2015-07-27,0.126
2015-07-28,0.126
2015-07-29,0.126
2015-07-30,0.1265
2015-07-31,0.1214
2015-08-03,0.1265
2015-08-04,0.1265
2015-08-05,0.1265
2015-08-06,0.126
2015-08-07,0.126
2015-08-10,0.1265
2015-08-11,0.1275
2015-08-12,0.128
2015-08-13,0.1285
2015-08-14,0.1305
2015-08-17,0.1325
2015-08-18,0.1325
2015-08-19,0.133
2015-08-20,0.133
2015-08-21,0.133
2015-08-24,0.133
2015-08-25,0.1325
2015-08-26,0.133
2015-08-27,0.1335
2015-08-28,0.1335
2015-08-31,.
2015-09-01,0.132
2015-09-02,0.133
2015-09-03,0.1355
2015-09-04,0.1355
2015-09-07,.
2015-09-08,0.1355
2015-09-09,0.135
2015-09-10,0.1345
2015-09-11,0.1355
2015-09-14,0.136
2015-09-15,0.1365
2015-09-16,0.1365
2015-09-17,0.1375
2015-09-18,0.1375
2015-09-21,0.1355
2015-09-22,0.1355
2015-09-23,0.136
2015-09-24,0.136
2015-09-25,0.1345
2015-09-28,0.1345
2015-09-29,0.1335
2015-09-30,0.1162
2015-10-01,0.1325
2015-10-02,0.1325
2015-10-05,0.1325
2015-10-06,0.132
2015-10-07,0.1315
2015-10-08,0.131
2015-10-09,0.132
2015-10-12,.
2015-10-13,0.132
2015-10-14,0.132
2015-10-15,0.1325
2015-10-16,0.132
2015-10-19,0.1315
2015-10-20,0.132
2015-10-21,0.132
2015-10-22,0.132
2015-10-23,0.1315
2015-10-26,0.1315
2015-10-27,0.1315
2015-10-28,0.132
2015-10-29,0.132
2015-10-30,0.1248
2015-11-02,0.131
2015-11-03,0.131
2015-11-04,0.131
2015-11-05,0.131
2015-11-06,0.131
2015-11-09,0.131
2015-11-10,0.131
2015-11-11,.
2015-11-12,0.1305
2015-11-13,0.131
2015-11-16,0.131
2015-11-17,0.131
2015-11-18,0.131
2015-11-19,0.13
2015-11-20,0.131
2015-11-23,0.1305
2015-11-24,0.1305
2015-11-25,0.1305
2015-11-26,.
2015-11-27,0.1305
2015-11-30,0.128
2015-12-01,0.1305
2015-12-02,0.1305
2015-12-03,0.1305
2015-12-04,0.1305
2015-12-07,0.13
2015-12-08,0.1295
2015-12-09,0.1295
2015-12-10,0.1315
2015-12-11,0.1335
2015-12-14,0.135
2015-12-15,0.1355
2015-12-16,0.1518
2015-12-17,0.3614
2015-12-18,0.3658
2015-12-21,0.3672
2015-12-22,0.3674
2015-12-23,0.3673
2015-12-24,0.3671
2015-12-25,.
2015-12-28,.
2015-12-29,0.366
2015-12-30,0.3661
2015-12-31,0.2745
2016-01-01,.
2016-01-04,0.3658
2016-01-05,0.365
2016-01-06,0.3661
2016-01-07,0.3651
2016-01-08,0.3662
2016-01-11,0.3661
2016-01-12,0.3661
2016-01-13,0.3663
2016-01-14,0.3661
2016-01-15,0.3661
2016-01-18,.
2016-01-19,0.366
2016-01-20,0.3655
2016-01-21,0.3658
2016-01-22,0.3659
2016-01-25,0.366
2016-01-26,0.3657
2016-01-27,0.3659
2016-01-28,0.3684
2016-01-29,0.3674
2016-02-01,0.366
2016-02-02,0.369
2016-02-03,0.3686
2016-02-04,0.3704
2016-02-05,0.37
2016-02-08,0.3763
2016-02-09,0.3771
2016-02-10,0.3731
2016-02-11,0.3715
2016-02-12,0.3708
2016-02-15,.
2016-02-16,0.371
2016-02-17,0.37
2016-02-18,0.3714
2016-02-19,0.3709
2016-02-22,0.371
2016-02-23,0.371
2016-02-24,0.3715
2016-02-25,0.3743
2016-02-26,0.3745
2016-02-29,0.3715
2016-03-01,0.3679
2016-03-02,0.3715
2016-03-03,0.373
2016-03-04,0.372
2016-03-07,0.372
2016-03-08,0.372
2016-03-09,0.372
2016-03-10,0.3725
2016-03-11,0.3725
2016-03-14,0.3743
2016-03-15,0.3753
2016-03-16,0.3743
2016-03-17,0.3748
2016-03-18,0.3743
2016-03-21,0.3743
2016-03-22,0.3743
2016-03-23,0.3753
2016-03-24,0.3745
2016-03-25,.
2016-03-28,.
2016-03-29,0.3755
2016-03-30,0.3772
2016-03-31,0.3831
2016-04-01,0.3791
2016-04-04,0.3794
2016-04-05,0.3777
2016-04-06,0.3782
2016-04-07,0.3782
2016-04-08,0.3775
2016-04-11,0.3792
2016-04-12,0.3792
2016-04-13,0.3802
2016-04-14,0.3797
2016-04-15,0.3807
2016-04-18,0.3812
2016-04-19,0.3827
2016-04-20,0.3822
2016-04-21,0.3817
2016-04-22,0.3812
2016-04-25,0.3812
2016-04-26,0.3807
2016-04-27,0.3802
2016-04-28,0.3827
2016-04-29,0.3837
2016-05-02,.
2016-05-03,0.3857
2016-05-04,0.3858
2016-05-05,0.385
2016-05-06,0.385
2016-05-09,0.385
2016-05-10,0.3845
2016-05-11,0.385
2016-05-12,0.385
2016-05-13,0.3855
2016-05-16,0.3855
2016-05-17,0.386
2016-05-18,0.385
2016-05-19,0.384
2016-05-20,0.3845
2016-05-23,0.385
2016-05-24,0.385
2016-05-25,0.3861
2016-05-26,0.3861
2016-05-27,0.385
2016-05-30,.
2016-05-31,0.3865
2016-06-01,0.3855
2016-06-02,0.3855
2016-06-03,0.3861
2016-06-06,0.3861
2016-06-07,0.3865
2016-06-08,0.3876
2016-06-09,0.3856
2016-06-10,0.3861
2016-06-13,0.3855
2016-06-14,0.3855
2016-06-15,0.385
2016-06-16,0.3855
2016-06-17,0.3865
2016-06-20,0.3901
2016-06-21,0.3901
2016-06-22,0.3896
2016-06-23,0.3911
2016-06-24,0.3934
2016-06-27,0.4001
2016-06-28,0.4016
2016-06-29,0.4051
2016-06-30,0.4116
2016-07-01,0.4061
2016-07-04,.
2016-07-05,0.4096
2016-07-06,0.4112
2016-07-07,0.4127
2016-07-08,0.4122
2016-07-11,0.4137
2016-07-12,0.4122
2016-07-13,0.4127
2016-07-14,0.4122
2016-07-15,0.4152
2016-07-18,0.4159
2016-07-19,0.4159
2016-07-20,0.4174
2016-07-21,0.4179
2016-07-22,0.4179
2016-07-25,0.4179
2016-07-26,0.4179
2016-07-27,0.4164
2016-07-28,0.4159
2016-07-29,0.4129
2016-08-01,0.4144
2016-08-02,0.4179
2016-08-03,0.4174
2016-08-04,0.4179
2016-08-05,0.4189
2016-08-08,0.4189
2016-08-09,0.4188
2016-08-10,0.4197
2016-08-11,0.4202
2016-08-12,0.4191
2016-08-15,0.41889
2016-08-16,0.41778
2016-08-17,0.41722
2016-08-18,0.41722
2016-08-19,0.41556
2016-08-22,0.41667
2016-08-23,0.41778
2016-08-24,0.41833
2016-08-25,0.41989
2016-08-26,0.41833
2016-08-29,.
2016-08-30,0.41944
2016-08-31,0.41944
2016-09-01,0.41611
2016-09-02,0.42044
2016-09-05,.
2016-09-06,0.42044
2016-09-07,0.42156
2016-09-08,0.42211
2016-09-09,0.42156
2016-09-12,0.421
2016-09-13,0.421
2016-09-14,0.42211
2016-09-15,0.42156
2016-09-16,0.42044
2016-09-19,0.42156
2016-09-20,0.42211
2016-09-21,0.42211
2016-09-22,0.42322
2016-09-23,0.42322
2016-09-26,0.42433
2016-09-27,0.42544
2016-09-28,0.42063
2016-09-29,0.41989
2016-09-30,0.42378
2016-10-03,0.42267
2016-10-04,0.42433
2016-10-05,0.42822
2016-10-06,0.42878
2016-10-07,0.42656
2016-10-10,.
2016-10-11,0.42767
2016-10-12,0.42878
2016-10-13,0.431
2016-10-14,0.43044
2016-10-17,0.43322
2016-10-18,0.43322
2016-10-19,0.43378
2016-10-20,0.43322
2016-10-21,0.43322
2016-10-24,0.43211
2016-10-25,0.43433
2016-10-26,0.43433
2016-10-27,0.43489
2016-10-28,0.43544
2016-10-31,0.43344
2016-11-01,0.43456
2016-11-02,0.43733
2016-11-03,0.43678
2016-11-04,0.43511
2016-11-07,0.43456
2016-11-08,0.434
2016-11-09,0.43233
2016-11-10,0.43233
2016-11-11,.
2016-11-14,0.43344
2016-11-15,0.43289
2016-11-16,0.43289
2016-11-17,0.43456
2016-11-18,0.43367
2016-11-21,0.43367
2016-11-22,0.43367
2016-11-23,0.43422
2016-11-24,.
2016-11-25,0.43478
2016-11-28,0.43422
2016-11-29,0.43422
2016-11-30,0.43056
2016-12-01,0.43422
2016-12-02,0.43478
2016-12-05,0.43478
2016-12-06,0.43422
2016-12-07,0.43367
2016-12-08,0.43311
2016-12-09,0.43422
2016-12-12,0.437
2016-12-13,0.437
2016-12-14,0.43867
2016-12-15,0.67889
2016-12-16,0.68389
2016-12-19,0.68111
2016-12-20,0.68378
2016-12-21,0.686
2016-12-22,0.68656
2016-12-23,0.69378
2016-12-26,.
2016-12-27,.
2016-12-28,0.68656
2016-12-29,0.68822
2016-12-30,0.69211
2017-01-02,.
2017-01-03,0.69544
2017-01-04,0.69044
2017-01-05,0.69222
2017-01-06,0.691
2017-01-09,0.693
2017-01-10,0.69333
2017-01-11,0.69278
2017-01-12,0.69278
2017-01-13,0.69278
2017-01-16,.
2017-01-17,0.69
2017-01-18,0.68944
2017-01-19,0.69
2017-01-20,0.68833
2017-01-23,0.68889
2017-01-24,0.68833
2017-01-25,0.68833
2017-01-26,0.68722
2017-01-27,0.69
2017-01-30,0.69167
2017-01-31,0.69
2017-02-01,0.69111
2017-02-02,0.68833
2017-02-03,0.69278
2017-02-06,0.68833
2017-02-07,0.68778
2017-02-08,0.68667
2017-02-09,0.68667
2017-02-10,0.68778
2017-02-13,0.68722
2017-02-14,0.68722
2017-02-15,0.68556
2017-02-16,0.68611
2017-02-17,0.68611
2017-02-20,.
2017-02-21,0.68611
2017-02-22,0.68333
2017-02-23,0.68333
2017-02-24,0.68278
2017-02-27,0.68333
2017-02-28,0.68056
2017-03-01,0.68167
2017-03-02,0.68278
2017-03-03,0.68278
2017-03-06,0.68278
2017-03-07,0.68278
2017-03-08,0.68211
2017-03-09,0.68211
2017-03-10,0.68189
2017-03-13,0.68278
2017-03-14,0.68689
2017-03-15,0.68667
2017-03-16,0.92578
2017-03-17,0.92422
2017-03-20,0.92644
2017-03-21,0.92533
2017-03-22,0.92667
2017-03-23,0.92611
2017-03-24,0.92667
2017-03-27,0.92444
2017-03-28,0.925
2017-03-29,0.92556
2017-03-30,0.92667
2017-03-31,0.92167
2017-04-03,0.92722
2017-04-04,0.93
2017-04-05,0.93111
2017-04-06,0.93
2017-04-07,0.93056
2017-04-10,0.92722
2017-04-11,0.92722
2017-04-12,0.92778
2017-04-13,0.92611
2017-04-14,.
2017-04-17,.
2017-04-18,0.93
2017-04-19,0.93
2017-04-20,0.92944
2017-04-21,0.92944
2017-04-24,0.92667
2017-04-25,0.92833
2017-04-26,0.93028
2017-04-27,0.93056
2017-04-28,0.92944
2017-05-01,.
2017-05-02,0.92667
2017-05-03,0.92722
2017-05-04,0.92778
2017-05-05,0.92778
2017-05-08,0.92778
2017-05-09,0.92722
2017-05-10,0.92833
2017-05-11,0.92833
2017-05-12,0.92833
2017-05-15,0.92889
2017-05-16,0.92833
2017-05-17,0.92833
2017-05-18,0.92778
2017-05-19,0.92889
2017-05-22,0.92889
2017-05-23,0.93056
2017-05-24,0.93056
2017-05-25,0.93
2017-05-26,0.93
2017-05-29,.
2017-05-30,0.93111
2017-05-31,0.92889
2017-06-01,0.93111
2017-06-02,0.93111
2017-06-05,0.93111
2017-06-06,0.93056
2017-06-07,0.93111
2017-06-08,0.93056
2017-06-09,0.93111
2017-06-12,0.93111
2017-06-13,0.93111
2017-06-14,0.93111
2017-06-15,1.175
2017-06-16,1.17722
2017-06-19,1.17667
2017-06-20,1.17611
2017-06-21,1.17722
2017-06-22,1.17722
2017-06-23,1.17667
2017-06-26,1.17611
2017-06-27,1.17611
2017-06-28,1.17667
2017-06-29,1.17333
2017-06-30,1.16167
2017-07-03,1.17167
2017-07-04,.
2017-07-05,1.17389
2017-07-06,1.17389
2017-07-07,1.17389
2017-07-10,1.17444
2017-07-11,1.17722
2017-07-12,1.17833
2017-07-13,1.17833
2017-07-14,1.17722
2017-07-17,1.17778
2017-07-18,1.17722
2017-07-19,1.17889
2017-07-20,1.17889
2017-07-21,1.17889
2017-07-24,1.17889
2017-07-25,1.18
2017-07-26,1.17778
2017-07-27,1.17722
2017-07-28,1.17833
2017-07-31,1.17611
2017-08-01,1.17556
2017-08-02,1.17722
2017-08-03,1.17722
2017-08-04,1.17778
2017-08-07,1.17722
2017-08-08,1.17778
2017-08-09,1.17778
2017-08-10,1.17778
2017-08-11,1.17778
2017-08-14,1.17778
2017-08-15,1.17778
2017-08-16,1.17889
2017-08-17,1.17778
2017-08-18,1.17722
2017-08-21,1.17778
2017-08-22,1.17778
2017-08-23,1.17778
2017-08-24,1.17778
2017-08-25,1.17778
2017-08-28,.
2017-08-29,1.17833
2017-08-30,1.17778
2017-08-31,1.17556
2017-09-01,1.17722
2017-09-04,.
2017-09-05,1.17778
2017-09-06,1.17611
2017-09-07,1.17611
2017-09-08,1.17722
2017-09-11,1.17778
2017-09-12,1.17778
2017-09-13,1.17722
2017-09-14,1.17889
2017-09-15,1.17889
2017-09-18,1.17889
2017-09-19,1.17889
2017-09-20,1.17889
2017-09-21,1.17889
2017-09-22,1.17889
2017-09-25,1.17833
2017-09-26,1.17833
2017-09-27,1.18
2017-09-28,1.18111
2017-09-29,1.18167
2017-10-02,1.18
2017-10-03,1.18056
2017-10-04,1.18222
2017-10-05,1.18222
2017-10-06,1.18222
2017-10-09,.
2017-10-10,1.18167
2017-10-11,1.18333
2017-10-12,1.18444
2017-10-13,1.18444
2017-10-16,1.18444
2017-10-17,1.18444
2017-10-18,1.18444
2017-10-19,1.185
2017-10-20,1.18444
2017-10-23,1.18444
2017-10-24,1.18444
2017-10-25,1.18444
2017-10-26,1.18444
2017-10-27,1.18444
2017-10-30,1.185
2017-10-31,1.18222
2017-11-01,1.18222
2017-11-02,1.18389
2017-11-03,1.18444
2017-11-06,1.18389
2017-11-07,1.18389
2017-11-08,1.18333
2017-11-09,1.18333
2017-11-10,1.18333
2017-11-13,1.18278
2017-11-14,1.18278
2017-11-15,1.18278
2017-11-16,1.18278
2017-11-17,1.18278
2017-11-20,1.18278
2017-11-21,1.18278
2017-11-22,1.18278
2017-11-23,.
2017-11-24,1.18375
2017-11-27,1.18375
2017-11-28,1.185
2017-11-29,1.18625
2017-11-30,1.18
2017-12-01,1.1825
2017-12-04,1.1825
2017-12-05,1.1825
2017-12-06,1.1825
2017-12-07,1.1825
2017-12-08,1.1825
2017-12-11,1.1825
2017-12-12,1.1825
2017-12-13,1.1825
2017-12-14,1.4275
2017-12-15,1.43313
2017-12-18,1.43313
2017-12-19,1.43313
2017-12-20,1.43438
2017-12-21,1.43438
2017-12-22,1.43438
2017-12-25,.
2017-12-26,.
2017-12-27,1.435
2017-12-28,1.4375
2017-12-29,1.42875
2018-01-01,.
2018-01-02,1.4375
2018-01-03,1.43875
2018-01-04,1.4375
2018-01-05,1.4375
2018-01-08,1.4375
2018-01-09,1.4375
2018-01-10,1.43625
2018-01-11,1.4375
2018-01-12,1.4375
2018-01-15,.
2018-01-16,1.43875
2018-01-17,1.4375
2018-01-18,1.4375
2018-01-19,1.4375
2018-01-22,1.4375
2018-01-23,1.4375
2018-01-24,1.4375
2018-01-25,1.43813
2018-01-26,1.43813
2018-01-29,1.43938
2018-01-30,1.43938
2018-01-31,1.43938
2018-02-01,1.44375
2018-02-02,1.44375
2018-02-05,1.43938
2018-02-06,1.43875
2018-02-07,1.43875
2018-02-08,1.43875
2018-02-09,1.44
2018-02-12,1.4425
2018-02-13,1.44375
2018-02-14,1.44375
2018-02-15,1.44375
2018-02-16,1.445
2018-02-19,.
2018-02-20,1.445
2018-02-21,1.445
2018-02-22,1.44438
2018-02-23,1.44813
2018-02-26,1.4475
2018-02-27,1.4475
2018-02-28,1.4425
2018-03-01,1.44625
2018-03-02,1.4475
2018-03-05,1.4475
2018-03-06,1.44688
2018-03-07,1.44688
2018-03-08,1.44688
2018-03-09,1.44688
2018-03-12,1.445
2018-03-13,1.445
2018-03-14,1.445
2018-03-15,1.445
2018-03-16,1.44625
2018-03-19,1.4475
2018-03-20,1.4475
2018-03-21,1.44875
2018-03-22,1.6975
2018-03-23,1.6975
2018-03-26,1.6975
2018-03-27,1.6975
2018-03-28,1.69875
2018-03-29,1.69688
2018-03-30,.
2018-04-02,.
2018-04-03,1.69938
2018-04-04,1.70188
2018-04-05,1.70313
2018-04-06,1.70313
2018-04-09,1.70188
2018-04-10,1.70188
2018-04-11,1.70188
2018-04-12,1.70313
2018-04-13,1.70188
2018-04-16,1.70125
2018-04-17,1.70375
2018-04-18,1.705
2018-04-19,1.70313
2018-04-20,1.70313
2018-04-23,1.70313
2018-04-24,1.70313
2018-04-25,1.70313
2018-04-26,1.70313
2018-04-27,1.70438
2018-04-30,1.70369
2018-05-01,1.70438
2018-05-02,1.70438
2018-05-03,1.70438
2018-05-04,1.70563
2018-05-07,.
2018-05-08,1.705
2018-05-09,1.705
2018-05-10,1.705
2018-05-11,1.70625
2018-05-14,1.705
2018-05-15,1.705
2018-05-16,1.70538
2018-05-17,1.706
2018-05-18,1.70725
2018-05-21,1.706
2018-05-22,1.7085
2018-05-23,1.70788
2018-05-24,1.7085
2018-05-25,1.70725
2018-05-28,.
2018-05-29,1.7085
2018-05-30,1.71163
2018-05-31,1.71163
2018-06-01,1.712
2018-06-04,1.712
2018-06-05,1.712
2018-06-06,1.7135
2018-06-07,1.71438
2018-06-08,1.715
2018-06-11,1.71463
2018-06-12,1.71325
2018-06-13,1.71263
2018-06-14,1.93563
2018-06-15,1.92563
2018-06-18,1.9255
2018-06-19,1.92888
2018-06-20,1.93038
2018-06-21,1.92788
2018-06-22,1.928
2018-06-25,1.93163
2018-06-26,1.935
2018-06-27,1.93375
2018-06-28,1.93325
2018-06-29,1.93538
2018-07-02,1.92975
2018-07-03,1.92813
2018-07-04,.
2018-07-05,1.92813
2018-07-06,1.92563
2018-07-09,1.92588
2018-07-10,1.91925
2018-07-11,1.91825
2018-07-12,1.91763
2018-07-13,1.91763
2018-07-16,1.91263
2018-07-17,1.91825
2018-07-18,1.91325
2018-07-19,1.91225
2018-07-20,1.9135
2018-07-23,1.91838
2018-07-24,1.91413
2018-07-25,1.91488
2018-07-26,1.91725
2018-07-27,1.91163
2018-07-30,1.916
2018-07-31,1.91538
2018-08-01,1.91563
2018-08-02,1.92025
2018-08-03,1.915
2018-08-06,1.92
2018-08-07,1.91338
2018-08-08,1.91625
2018-08-09,1.91625
2018-08-10,1.9125
2018-08-13,1.9125
2018-08-14,1.91325
2018-08-15,1.91375
2018-08-16,1.92
2018-08-17,1.91688
2018-08-20,1.9175
2018-08-21,1.91963
2018-08-22,1.91775
2018-08-23,1.91813
2018-08-24,1.91888
2018-08-27,.
2018-08-28,1.91488
2018-08-29,1.91538
2018-08-30,1.92
2018-08-31,1.91488
2018-09-03,.
2018-09-04,1.91363
2018-09-05,1.91875
2018-09-06,1.91838
2018-09-07,1.91875
2018-09-10,1.91913
2018-09-11,1.91513
2018-09-12,1.919
2018-09-13,1.91988
2018-09-14,1.91513
2018-09-17,1.91463
2018-09-18,1.91888
2018-09-19,1.91863
2018-09-20,1.91738
2018-09-21,1.92088
2018-09-24,1.918
2018-09-25,1.91625
2018-09-26,1.92525
2018-09-27,2.17388
2018-09-28,2.17138
2018-10-01,2.17075
2018-10-02,2.17725
2018-10-03,2.16813
2018-10-04,2.16525
2018-10-05,2.17175
2018-10-08,.
2018-10-09,2.1655
2018-10-10,2.172
2018-10-11,2.17225
2018-10-12,2.16938
2018-10-15,2.17725
2018-10-16,2.17638
2018-10-17,2.176
2018-10-18,2.17025
2018-10-19,2.17113
2018-10-22,2.17063
2018-10-23,2.17388
2018-10-24,2.17513
2018-10-25,2.17425
2018-10-26,2.17675
2018-10-29,2.17888
2018-10-30,2.18
2018-10-31,2.173
2018-11-01,2.17538
2018-11-02,2.17463
2018-11-05,2.17525
2018-11-06,2.17663
2018-11-07,2.17725
2018-11-08,2.17988
2018-11-09,2.175
2018-11-12,.
2018-11-13,2.17788
2018-11-14,2.17575
2018-11-15,2.17938
2018-11-16,2.17538
2018-11-19,2.18075
2018-11-20,2.17288
2018-11-21,2.1805
2018-11-22,.
2018-11-23,2.177
2018-11-26,2.183
2018-11-27,2.1785
2018-11-28,2.1825
2018-11-29,2.18275
2018-11-30,2.1775
2018-12-03,2.18188
2018-12-04,2.17613
2018-12-05,2.17188
2018-12-06,2.18238
2018-12-07,2.18088
2018-12-10,2.182
2018-12-11,2.18213
2018-12-12,2.18475
2018-12-13,2.18438
2018-12-14,2.18475
2018-12-17,2.18125
2018-12-18,2.18025
2018-12-19,2.18175
2018-12-20,2.38788
2018-12-21,2.39163
2018-12-24,2.38988
2018-12-25,.
2018-12-26,.
2018-12-27,2.391
2018-12-28,2.39238
2018-12-31,2.37825
2019-01-01,.
2019-01-02,2.38675
2019-01-03,2.39188
2019-01-04,2.394
2019-01-07,2.39275
2019-01-08,2.39125
2019-01-09,2.39075
2019-01-10,2.39413
2019-01-11,2.38938
2019-01-14,2.39013
2019-01-15,2.38675
2019-01-16,2.38488
2019-01-17,2.38463
2019-01-18,2.38388
2019-01-21,.
2019-01-22,2.37563
2019-01-23,2.38413
2019-01-24,2.3845
2019-01-25,2.38475
2019-01-28,2.38488
2019-01-29,2.38438
2019-01-30,2.38388
2019-01-31,2.3835
2019-02-01,2.374
2019-02-04,2.38413
2019-02-05,2.38238
2019-02-06,2.38325
2019-02-07,2.38313
2019-02-08,2.38575
2019-02-11,2.38625
2019-02-12,2.3835
2019-02-13,2.38438
2019-02-14,2.38275
2019-02-15,2.387
2019-02-18,.
2019-02-19,2.378
2019-02-20,2.38463
2019-02-21,2.3825
2019-02-22,2.38788
2019-02-25,2.38863
2019-02-26,2.38863
2019-02-27,2.38825
2019-02-28,2.38275
2019-03-01,2.38488
2019-03-04,2.38238
2019-03-05,2.39063
2019-03-06,2.39063
2019-03-07,2.38975
2019-03-08,2.38688
2019-03-11,2.39025
2019-03-12,2.39038
2019-03-13,2.39013
2019-03-14,2.39038
2019-03-15,2.39038
2019-03-18,2.38963
2019-03-19,2.39013
2019-03-20,2.38625
2019-03-21,2.38725
2019-03-22,2.389
2019-03-25,2.38938
2019-03-26,2.39388
2019-03-27,2.39213
2019-03-28,2.39275
2019-03-29,2.382
2019-04-01,2.38813
2019-04-02,2.38025
2019-04-03,2.38613
2019-04-04,2.39413
2019-04-05,2.39375
2019-04-08,2.39175
2019-04-09,2.393
2019-04-10,2.3885
2019-04-11,2.3885
2019-04-12,2.39225
2019-04-15,2.39263
2019-04-16,2.38913
2019-04-17,2.38563
2019-04-18,2.39113
2019-04-19,.
2019-04-22,.
2019-04-23,2.40275
2019-04-24,2.39413
2019-04-25,2.39938
2019-04-26,2.4
2019-04-29,2.38975
2019-04-30,2.37913
2019-05-01,2.39188
2019-05-02,2.37313
2019-05-03,2.37788
2019-05-06,.
2019-05-07,2.36313
2019-05-08,2.36275
2019-05-09,2.35888
2019-05-10,2.35638
2019-05-13,2.34513
2019-05-14,2.34338
2019-05-15,2.34913
2019-05-16,2.35938
2019-05-17,2.35575
2019-05-20,2.35938
2019-05-21,2.35538
2019-05-22,2.3545
2019-05-23,2.35625
2019-05-24,2.3565
2019-05-27,.
2019-05-28,2.35388
2019-05-29,2.356
2019-05-30,2.35775
2019-05-31,2.3545
2019-06-03,2.36075
2019-06-04,2.36
2019-06-05,2.34538
2019-06-06,2.346
2019-06-07,2.35175
2019-06-10,2.345
2019-06-11,2.35088
2019-06-12,2.35038
2019-06-13,2.3505
2019-06-14,2.34663
2019-06-17,2.34438
2019-06-18,2.3495
2019-06-19,2.34088
2019-06-20,2.3415
2019-06-21,2.3475
2019-06-24,2.34925
2019-06-25,2.34475
2019-06-26,2.354
2019-06-27,2.35488
2019-06-28,2.37038
2019-07-01,2.35975
2019-07-02,2.35138
2019-07-03,2.35638
2019-07-04,.
2019-07-05,2.34825
2019-07-08,2.35688
2019-07-09,2.35013
2019-07-10,2.35475
2019-07-11,2.359
2019-07-12,2.35913
2019-07-15,2.35713
2019-07-16,2.35663
2019-07-17,2.36275
2019-07-18,2.36063
2019-07-19,2.362
2019-07-22,2.35963
2019-07-23,2.35375
2019-07-24,2.35225
2019-07-25,2.349
2019-07-26,2.35038
2019-07-29,2.34863
2019-07-30,2.347
2019-07-31,2.35163
2019-08-01,2.11225
2019-08-02,2.10425
2019-08-05,2.10513
2019-08-06,2.09713
2019-08-07,2.09938
2019-08-08,2.09525
2019-08-09,2.09538
2019-08-12,2.10275
2019-08-13,2.09825
2019-08-14,2.09213
2019-08-15,2.09588
2019-08-16,2.0985
2019-08-19,2.09538
2019-08-20,2.097
2019-08-21,2.093
2019-08-22,2.09363
2019-08-23,2.08838
2019-08-26,.
2019-08-27,2.09575
2019-08-28,2.08663
2019-08-29,2.095
2019-08-30,2.08963
2019-09-02,.
2019-09-03,2.09063
2019-09-04,2.09125
2019-09-05,2.09763
2019-09-06,2.09475
2019-09-09,2.09388
2019-09-10,2.0925
2019-09-11,2.0945
2019-09-12,2.08825
2019-09-13,2.09475
2019-09-16,2.11163
2019-09-17,2.15488
2019-09-18,2.18525
2019-09-19,1.96213
2019-09-20,1.8685
2019-09-23,1.8475
2019-09-24,1.842
2019-09-25,1.84075
2019-09-26,1.82988
2019-09-27,1.82713
2019-09-30,1.8215
2019-10-01,1.82613
2019-10-02,1.85125
2019-10-03,1.82238
2019-10-04,1.82075
2019-10-07,1.80825
2019-10-08,1.8055
2019-10-09,1.79
2019-10-10,1.79263
2019-10-11,1.79888
2019-10-14,.
2019-10-15,1.79513
2019-10-16,1.82575
2019-10-17,1.83813
2019-10-18,1.81513
2019-10-21,1.81113
2019-10-22,1.81288
2019-10-23,1.814
2019-10-24,1.80275
2019-10-25,1.806
2019-10-28,1.80163
2019-10-29,1.801
2019-10-30,1.80438
2019-10-31,1.59988
2019-11-01,1.59213
2019-11-04,1.55088
2019-11-05,1.54713
2019-11-06,1.5365
2019-11-07,1.54363
2019-11-08,1.53863
2019-11-11,.
2019-11-12,1.53925
2019-11-13,1.539
2019-11-14,1.527
2019-11-15,1.53675
2019-11-18,1.53538
2019-11-19,1.53688
2019-11-20,1.529
2019-11-21,1.54138
2019-11-22,1.53388
2019-11-25,1.53613
2019-11-26,1.538
2019-11-27,1.53963
2019-11-28,.
2019-11-29,1.5425
2019-12-02,1.54063
2019-12-03,1.5385
2019-12-04,1.5295
2019-12-05,1.52938
2019-12-06,1.52913
2019-12-09,1.53663
2019-12-10,1.529
2019-12-11,1.52538
2019-12-12,1.53375
2019-12-13,1.52988
2019-12-16,1.53063
2019-12-17,1.53563
2019-12-18,1.5335
2019-12-19,1.534
2019-12-20,1.53663
2019-12-23,1.5345
2019-12-24,1.53313
2019-12-25,.
2019-12-26,.
2019-12-27,1.53625
2019-12-30,1.53438
2019-12-31,1.54263
2020-01-01,.
2020-01-02,1.5405
2020-01-03,1.53675
2020-01-06,1.537
2020-01-07,1.52788
2020-01-08,1.5325
2020-01-09,1.527
2020-01-10,1.53313
2020-01-13,1.53513
2020-01-14,1.53125
2020-01-15,1.52838
2020-01-16,1.53563
2020-01-17,1.53113
2020-01-20,.
2020-01-21,1.53925
2020-01-22,1.53263
2020-01-23,1.53163
2020-01-24,1.53188
2020-01-27,1.53175
2020-01-28,1.533
2020-01-29,1.52963
2020-01-30,1.54388
2020-01-31,1.56875
2020-02-03,1.568
2020-02-04,1.5655
2020-02-05,1.57513
2020-02-06,1.572
2020-02-07,1.57738
2020-02-10,1.57463
2020-02-11,1.57125
2020-02-12,1.57413
2020-02-13,1.57338
2020-02-14,1.57613
2020-02-17,.
2020-02-18,1.56338
2020-02-19,1.57688
2020-02-20,1.56713
2020-02-21,1.57025
2020-02-24,1.5755
2020-02-25,1.569
2020-02-26,1.5715
2020-02-27,1.574
2020-02-28,1.56775
2020-03-02,1.57463
2020-03-03,1.57563
2020-03-04,1.08775
2020-03-05,1.08213
2020-03-06,1.07975
2020-03-09,1.08113
2020-03-10,1.082
2020-03-11,1.084
2020-03-12,1.08663
2020-03-13,1.08488
2020-03-16,0.23925
2020-03-17,0.25813
2020-03-18,0.37988
2020-03-19,0.29825
2020-03-20,0.21188
2020-03-23,0.2065
2020-03-24,0.17813
2020-03-25,0.20125
2020-03-26,0.14988
2020-03-27,0.13625
2020-03-30,0.12088
2020-03-31,0.119
2020-04-01,0.10875
2020-04-02,0.08588
2020-04-03,0.07663
2020-04-06,0.0745
2020-04-07,0.077
2020-04-08,0.07188
2020-04-09,0.06775
2020-04-10,.
2020-04-13,.
2020-04-14,0.07163
2020-04-15,0.06613
2020-04-16,0.067
2020-04-17,0.067
2020-04-20,0.06463
2020-04-21,0.06313
2020-04-22,0.0635
2020-04-23,0.05825
2020-04-24,0.05675
2020-04-27,0.056
2020-04-28,0.05075
2020-04-29,0.05488
2020-04-30,0.0605
2020-05-01,0.05838
2020-05-04,0.05725
2020-05-05,0.05775
2020-05-06,0.0625
2020-05-07,0.061
2020-05-08,.
2020-05-11,0.06163
2020-05-12,0.06063
2020-05-13,0.061
2020-05-14,0.0615
2020-05-15,0.062
2020-05-18,0.05975
2020-05-19,0.06038
2020-05-20,0.06238
2020-05-21,0.06113
2020-05-22,0.06075
2020-05-25,.
2020-05-26,0.06025
2020-05-27,0.06163
2020-05-28,0.063
2020-05-29,0.0615
2020-06-01,0.062
2020-06-02,0.065
2020-06-03,0.06188
2020-06-04,0.05975
2020-06-05,0.0625
2020-06-08,0.06075
2020-06-09,0.063
2020-06-10,0.06325
2020-06-11,0.0655
2020-06-12,0.06613
2020-06-15,0.06975
2020-06-16,0.07163
2020-06-17,0.0755
2020-06-18,0.07638
2020-06-19,0.07525
2020-06-22,0.06988
2020-06-23,0.07113
2020-06-24,0.07425
2020-06-25,0.07563
2020-06-26,0.07113
2020-06-29,0.08175
2020-06-30,0.08088
2020-07-01,0.07663
2020-07-02,0.08288
2020-07-03,0.08288
2020-07-06,0.08288
2020-07-07,0.083
2020-07-08,0.08288
2020-07-09,0.08175
2020-07-10,0.08138
2020-07-13,0.082
2020-07-14,0.0775
2020-07-15,0.08425
2020-07-16,0.08675
2020-07-17,0.08563
2020-07-20,0.0855
2020-07-21,0.08525
2020-07-22,0.08588
2020-07-23,0.08563
2020-07-24,0.08488
2020-07-27,0.08513
2020-07-28,0.08475
2020-07-29,0.08413
2020-07-30,0.085
2020-07-31,0.08725
2020-08-03,0.08425
2020-08-04,0.089
2020-08-05,0.08338
2020-08-06,0.08575
2020-08-07,0.08513
2020-08-10,0.086
2020-08-11,0.08525
2020-08-12,0.08538
2020-08-13,0.08488
2020-08-14,0.0855
2020-08-17,0.08475
2020-08-18,0.08363
2020-08-19,0.08463
2020-08-20,0.083
2020-08-21,0.08175
2020-08-24,0.08175
2020-08-25,0.08138
2020-08-26,0.08175
2020-08-27,0.082
2020-08-28,0.08088
2020-08-31,.
2020-09-01,0.08125
2020-09-02,0.0825
2020-09-03,0.08238
2020-09-04,0.08163
2020-09-07,.
2020-09-08,0.07938
2020-09-09,0.08213
2020-09-10,0.08413
2020-09-11,0.083
2020-09-14,0.08388
2020-09-15,0.08325
2020-09-16,0.0825
2020-09-17,0.08225
2020-09-18,0.08313
