Date,liborGBP
2001-01-02,5.81094
2001-01-03,6.0975
2001-01-04,5.57125
2001-01-05,5.37813
2001-01-08,5.5
2001-01-09,5.34344
2001-01-10,5.5
2001-01-11,6
2001-01-12,6.12188
2001-01-15,6
2001-01-16,6.09844
2001-01-17,5.87625
2001-01-18,6.28
2001-01-19,6.67313
2001-01-22,6.65875
2001-01-23,5.535
2001-01-24,5.83031
2001-01-25,6.67813
2001-01-26,5.5
2001-01-29,5.66719
2001-01-30,5.62563
2001-01-31,6
2001-02-01,6.87625
2001-02-02,5.75
2001-02-05,7
2001-02-06,7
2001-02-07,7
2001-02-08,6.48625
2001-02-09,5.71938
2001-02-12,5.545
2001-02-13,5.63063
2001-02-14,5.6525
2001-02-15,5.68781
2001-02-16,5.87563
2001-02-19,5.3775
2001-02-20,5.83719
2001-02-21,5.12188
2001-02-22,5.12375
2001-02-23,5.185
2001-02-26,5
2001-02-27,5.5
2001-02-28,6.23594
2001-03-01,5.75
2001-03-02,5
2001-03-05,5.22819
2001-03-06,5
2001-03-07,4.88781
2001-03-08,4.85531
2001-03-09,4.78688
2001-03-12,4.56063
2001-03-13,4.77125
2001-03-14,4.75
2001-03-15,4.85031
2001-03-16,5.81438
2001-03-19,6.04406
2001-03-20,6.61813
2001-03-21,5.56094
2001-03-22,5.87813
2001-03-23,5.3775
2001-03-26,6.20969
2001-03-27,6.43906
2001-03-28,5.34188
2001-03-29,6.02875
2001-03-30,6.5
2001-04-02,6.4875
2001-04-03,6.6475
2001-04-04,6.82313
2001-04-05,6.17281
2001-04-06,5
2001-04-09,6.38
2001-04-10,6.3825
2001-04-11,4.69984
2001-04-12,4.04563
2001-04-13,.
2001-04-16,.
2001-04-17,5.15094
2001-04-18,4.75
2001-04-19,4.59328
2001-04-20,4.87375
2001-04-23,4.87625
2001-04-24,5
2001-04-25,4.94031
2001-04-26,4.92438
2001-04-27,5.24219
2001-04-30,5.12938
2001-05-01,5.59
2001-05-02,5.5
2001-05-03,5.75
2001-05-04,6.01016
2001-05-07,.
2001-05-08,6.69
2001-05-09,6.69719
2001-05-10,5.97875
2001-05-11,5.79219
2001-05-14,5.74609
2001-05-15,6.06578
2001-05-16,5.25
2001-05-17,5.12188
2001-05-18,5.08344
2001-05-21,5.25
2001-05-22,5
2001-05-23,5
2001-05-24,4.985
2001-05-25,4.73359
2001-05-28,.
2001-05-29,4.885
2001-05-30,5.42297
2001-05-31,6.12875
2001-06-01,5.31938
2001-06-04,5.29891
2001-06-05,5.13313
2001-06-06,5
2001-06-07,4.87625
2001-06-08,4.79
2001-06-11,4.99375
2001-06-12,5.25
2001-06-13,5.59344
2001-06-14,5.75
2001-06-15,4.65406
2001-06-18,4.51125
2001-06-19,4.52906
2001-06-20,4.43594
2001-06-21,4.37063
2001-06-22,4.2625
2001-06-25,4.42703
2001-06-26,4.40688
2001-06-27,4.5725
2001-06-28,4.56156
2001-06-29,4.69188
2001-07-02,5.0175
2001-07-03,5.875
2001-07-04,5.70844
2001-07-05,5.62938
2001-07-06,5.30094
2001-07-09,5.465
2001-07-10,5.5
2001-07-11,6.12438
2001-07-12,5.94781
2001-07-13,4.63
2001-07-16,5.92656
2001-07-17,5
2001-07-18,4.62688
2001-07-19,4.5
2001-07-20,4.5075
2001-07-23,5.25
2001-07-24,4.90969
2001-07-25,5.25
2001-07-26,5.64563
2001-07-27,5.11313
2001-07-30,5.69344
2001-07-31,5.93625
2001-08-01,5.75
2001-08-02,5.91063
2001-08-03,5.68125
2001-08-06,6
2001-08-07,4.535
2001-08-08,4.385
2001-08-09,4.37688
2001-08-10,4.25625
2001-08-13,4.29125
2001-08-14,4.255
2001-08-15,4.26625
2001-08-16,4.25
2001-08-17,4.31656
2001-08-20,4.37875
2001-08-21,4.3775
2001-08-22,4.37125
2001-08-23,5.75
2001-08-24,5.75
2001-08-27,.
2001-08-28,4.88063
2001-08-29,5.42438
2001-08-30,4.44
2001-08-31,4.35422
2001-09-03,4.2725
2001-09-04,4.29375
2001-09-05,4.265
2001-09-06,4.25
2001-09-07,4.23375
2001-09-10,4.25
2001-09-11,5.56313
2001-09-12,5.86266
2001-09-13,5.3725
2001-09-14,5.23625
2001-09-17,5.37313
2001-09-18,5.54
2001-09-19,5.5
2001-09-20,4.77375
2001-09-21,4.96078
2001-09-24,5.34156
2001-09-25,4.98219
2001-09-26,4.86406
2001-09-27,5.37625
2001-09-28,5
2001-10-01,5.63563
2001-10-02,5.69125
2001-10-03,5.75
2001-10-04,5.27625
2001-10-05,5.22563
2001-10-08,5.29563
2001-10-09,4.6175
2001-10-10,4.5
2001-10-11,4.75
2001-10-12,4.87813
2001-10-15,5.02125
2001-10-16,4.38688
2001-10-17,4
2001-10-18,3.86188
2001-10-19,4.08719
2001-10-22,4.27125
2001-10-23,5.01
2001-10-24,4.25
2001-10-25,4.07344
2001-10-26,4.11
2001-10-29,4.66594
2001-10-30,4.25
2001-10-31,3.87813
2001-11-01,3.87875
2001-11-02,3.88
2001-11-05,3.8475
2001-11-06,3.76875
2001-11-07,3.75
2001-11-08,3.69063
2001-11-09,3.37813
2001-11-12,3.5075
2001-11-13,3.5
2001-11-14,3.44219
2001-11-15,3.44438
2001-11-16,4.3825
2001-11-19,4.22844
2001-11-20,3.75
2001-11-21,3.4375
2001-11-22,3.37875
2001-11-23,3.32438
2001-11-26,3.36188
2001-11-27,3.31719
2001-11-28,3.31844
2001-11-29,3.37875
2001-11-30,3.7375
2001-12-03,4.70719
2001-12-04,4.36156
2001-12-05,4.65719
2001-12-06,4.63375
2001-12-07,3.90625
2001-12-10,3.885
2001-12-11,3.885
2001-12-12,4.15438
2001-12-13,4.46875
2001-12-14,4.50625
2001-12-17,4.60313
2001-12-18,4.57656
2001-12-19,5.125
2001-12-20,5.25
2001-12-21,5.25
2001-12-24,5.25
2001-12-25,.
2001-12-26,.
2001-12-27,5.43063
2001-12-28,4.88625
2001-12-31,5.25625
2002-01-01,.
2002-01-02,3.95
2002-01-03,3.62813
2002-01-04,3.45094
2002-01-07,3.75
2002-01-08,4
2002-01-09,4.0175
2002-01-10,3.64188
2002-01-11,3.44375
2002-01-14,3.795
2002-01-15,3.7775
2002-01-16,3.88563
2002-01-17,4.10906
2002-01-18,4.30125
2002-01-21,4
2002-01-22,4.25
2002-01-23,3.93188
2002-01-24,3.3775
2002-01-25,3.29906
2002-01-28,3.37938
2002-01-29,3.30438
2002-01-30,4.28688
2002-01-31,4
2002-02-01,4.30063
2002-02-04,3.92688
2002-02-05,4.25
2002-02-06,4.5
2002-02-07,3.5
2002-02-08,3.43906
2002-02-11,4.72594
2002-02-12,4.985
2002-02-13,3.3775
2002-02-14,3.28125
2002-02-15,3.31094
2002-02-18,3.5
2002-02-19,4
2002-02-20,3.5
2002-02-21,4.3075
2002-02-22,4.69469
2002-02-25,5
2002-02-26,5
2002-02-27,3.75
2002-02-28,4.015
2002-03-01,4.25
2002-03-04,5
2002-03-05,4.965
2002-03-06,3.75
2002-03-07,3.5
2002-03-08,3.60031
2002-03-11,4.08813
2002-03-12,3.61625
2002-03-13,3.63313
2002-03-14,3.5
2002-03-15,4.0925
2002-03-18,3.75
2002-03-19,4.12688
2002-03-20,4.69875
2002-03-21,4.07281
2002-03-22,4.66938
2002-03-25,5
2002-03-26,3.89875
2002-03-27,3.48125
2002-03-28,3.36063
2002-03-29,.
2002-04-01,.
2002-04-02,3.55875
2002-04-03,3.62875
2002-04-04,4.31313
2002-04-05,3.3825
2002-04-08,3.42656
2002-04-09,4.63
2002-04-10,3.37438
2002-04-11,3.32906
2002-04-12,3.29906
2002-04-15,3.44063
2002-04-16,3.5
2002-04-17,3.52
2002-04-18,3.48
2002-04-19,3.44344
2002-04-22,3.64078
2002-04-23,3.5
2002-04-24,3.5
2002-04-25,4.37813
2002-04-26,4.25
2002-04-29,4.75
2002-04-30,4.94188
2002-05-01,3.5
2002-05-02,3.5
2002-05-03,3.5
2002-05-06,.
2002-05-07,3.495
2002-05-08,3.47625
2002-05-09,3.75
2002-05-10,3.6275
2002-05-13,3.68938
2002-05-14,3.86375
2002-05-15,3.87938
2002-05-16,3.62313
2002-05-17,4.24375
2002-05-20,4.74375
2002-05-21,3.5
2002-05-22,3.49375
2002-05-23,3.46
2002-05-24,4.65188
2002-05-27,4.92813
2002-05-28,4.96875
2002-05-29,4.91938
2002-05-30,5
2002-05-31,4.13563
2002-06-03,.
2002-06-04,.
2002-06-05,4.25
2002-06-06,4.35625
2002-06-07,3.385
2002-06-10,3.37688
2002-06-11,3.32531
2002-06-12,3.30125
2002-06-13,3.28
2002-06-14,3.28141
2002-06-17,3.37688
2002-06-18,3.50375
2002-06-19,4.03656
2002-06-20,4
2002-06-21,3.34688
2002-06-24,3.86313
2002-06-25,3.32438
2002-06-26,3.31094
2002-06-27,3.31063
2002-06-28,3.3525
2002-07-01,3.73
2002-07-02,4.16188
2002-07-03,4.83688
2002-07-04,4.39625
2002-07-05,3.31563
2002-07-08,4.6225
2002-07-09,3.75
2002-07-10,3.30906
2002-07-11,3.31063
2002-07-12,3.30938
2002-07-15,4.125
2002-07-16,3.89875
2002-07-17,3.40625
2002-07-18,3.37875
2002-07-19,3.75
2002-07-22,3.75
2002-07-23,3.5
2002-07-24,3.55875
2002-07-25,3.60906
2002-07-26,3.43563
2002-07-29,3.96344
2002-07-30,4.84688
2002-07-31,4.86
2002-08-01,4.75
2002-08-02,4.75
2002-08-05,4.5
2002-08-06,4.62625
2002-08-07,3.76531
2002-08-08,4.09031
2002-08-09,4.39688
2002-08-12,3.63875
2002-08-13,3.43875
2002-08-14,3.5
2002-08-15,3.63938
2002-08-16,3.48875
2002-08-19,4.5
2002-08-20,3.93
2002-08-21,4.25
2002-08-22,4.71125
2002-08-23,3.95344
2002-08-26,.
2002-08-27,4.63375
2002-08-28,4
2002-08-29,3.88375
2002-08-30,4.3825
2002-09-02,4.75
2002-09-03,4
2002-09-04,4.18656
2002-09-05,4.5
2002-09-06,3.75
2002-09-09,4.40875
2002-09-10,4.50375
2002-09-11,4.28
2002-09-12,3.49375
2002-09-13,3.5
2002-09-16,3.47375
2002-09-17,3.64125
2002-09-18,3.87438
2002-09-19,4.365
2002-09-20,3.34969
2002-09-23,3.34125
2002-09-24,3.37188
2002-09-25,4.61563
2002-09-26,4.61938
2002-09-27,3.36688
2002-09-30,3.43563
2002-10-01,3.41688
2002-10-02,3.3975
2002-10-03,3.5
2002-10-04,3.9725
2002-10-07,3.75
2002-10-08,3.5
2002-10-09,3.51125
2002-10-10,4.45125
2002-10-11,4.5
2002-10-14,4.87438
2002-10-15,4.87813
2002-10-16,4.775
2002-10-17,4.88438
2002-10-18,4.06531
2002-10-21,4.76875
2002-10-22,3.83219
2002-10-23,4.09031
2002-10-24,4.68219
2002-10-25,3.63625
2002-10-28,3.74375
2002-10-29,3.75
2002-10-30,4.2775
2002-10-31,3.47625
2002-11-01,3.41922
2002-11-04,3.39078
2002-11-05,3.34438
2002-11-06,3.31781
2002-11-07,3.25
2002-11-08,3.88063
2002-11-11,4.87813
2002-11-12,3.5
2002-11-13,4.03375
2002-11-14,3.8925
2002-11-15,3.41688
2002-11-18,4.63875
2002-11-19,3.735
2002-11-20,3.35375
2002-11-21,3.30625
2002-11-22,3.31688
2002-11-25,3.3
2002-11-26,3.31813
2002-11-27,3.6175
2002-11-28,4.40469
2002-11-29,4.005
2002-12-02,4.82469
2002-12-03,3.7875
2002-12-04,4.24375
2002-12-05,4.74375
2002-12-06,4.5
2002-12-09,4.82344
2002-12-10,4.26875
2002-12-11,3.37906
2002-12-12,3.61875
2002-12-13,3.35813
2002-12-16,4.41313
2002-12-17,4.37688
2002-12-18,4.84563
2002-12-19,4.7375
2002-12-20,4.86688
2002-12-23,5
2002-12-24,4.75
2002-12-25,.
2002-12-26,.
2002-12-27,3.91469
2002-12-30,4.92125
2002-12-31,4.9925
2003-01-01,.
2003-01-02,4.81438
2003-01-03,4
2003-01-06,4.15313
2003-01-07,4.50625
2003-01-08,3.71625
2003-01-09,3.75
2003-01-10,4.335
2003-01-13,3.56563
2003-01-14,4.34188
2003-01-15,4.365
2003-01-16,3.5
2003-01-17,3.4
2003-01-20,3.44063
2003-01-21,3.3975
2003-01-22,3.5
2003-01-23,3.4475
2003-01-24,3.44313
2003-01-27,3.38
2003-01-28,3.39125
2003-01-29,3.41297
2003-01-30,3.44469
2003-01-31,4.2175
2003-02-03,4.745
2003-02-04,3.5
2003-02-05,3.43813
2003-02-06,3.62438
2003-02-07,3.31094
2003-02-10,4.33625
2003-02-11,4.4275
2003-02-12,4.5975
2003-02-13,3.92594
2003-02-14,3.68219
2003-02-17,3.50375
2003-02-18,3.2725
2003-02-19,3.145
2003-02-20,3.635
2003-02-21,3.75375
2003-02-24,4.25375
2003-02-25,3.245
2003-02-26,3.87688
2003-02-27,3.63313
2003-02-28,3.39375
2003-03-03,4.25
2003-03-04,3.7325
2003-03-05,4.385
2003-03-06,3.83484
2003-03-07,4.30875
2003-03-10,4.49375
2003-03-11,4.62688
2003-03-12,4.75
2003-03-13,4.12313
2003-03-14,3.25
2003-03-17,4.5
2003-03-18,3.44438
2003-03-19,3.60125
2003-03-20,3.13
2003-03-21,3.12625
2003-03-24,3.14906
2003-03-25,4.37625
2003-03-26,4
2003-03-27,4.015
2003-03-28,3.75
2003-03-31,4.55125
2003-04-01,4.43375
2003-04-02,3.58781
2003-04-03,4.12125
2003-04-04,3.43313
2003-04-07,3.2175
2003-04-08,3.195
2003-04-09,3.25
2003-04-10,3.305
2003-04-11,3.265
2003-04-14,4.5
2003-04-15,4.42031
2003-04-16,3.5
2003-04-17,3.38688
2003-04-18,.
2003-04-21,.
2003-04-22,3.26375
2003-04-23,3.21125
2003-04-24,3.2025
2003-04-25,3.14469
2003-04-28,4.61563
2003-04-29,4.54781
2003-04-30,3.6275
2003-05-01,3.1325
2003-05-02,3.12563
2003-05-05,.
2003-05-06,3.25
2003-05-07,4.62625
2003-05-08,3.2925
2003-05-09,3.88063
2003-05-12,4.5
2003-05-13,3.62438
2003-05-14,4.25
2003-05-15,4.46219
2003-05-16,3.405
2003-05-19,3.34375
2003-05-20,3.25
2003-05-21,3.25
2003-05-22,3.88063
2003-05-23,3.25
2003-05-26,.
2003-05-27,3.5
2003-05-28,3.535
2003-05-29,4.61313
2003-05-30,4.25
2003-06-02,4.5
2003-06-03,3.34094
2003-06-04,4.62313
2003-06-05,4.37875
2003-06-06,4.25
2003-06-09,3.84969
2003-06-10,4.5
2003-06-11,3.57656
2003-06-12,4.12875
2003-06-13,4.13
2003-06-16,3.22125
2003-06-17,3.25
2003-06-18,3.97625
2003-06-19,3.30391
2003-06-20,3.19063
2003-06-23,3.25
2003-06-24,3.20594
2003-06-25,3.18656
2003-06-26,3.17531
2003-06-27,3.155
2003-06-30,3.33078
2003-07-01,3.5
2003-07-02,3.9575
2003-07-03,3.4875
2003-07-04,3.13
2003-07-07,4.08813
2003-07-08,4
2003-07-09,4.25375
2003-07-10,4.04625
2003-07-11,2.93813
2003-07-14,3.86813
2003-07-15,3
2003-07-16,3.60875
2003-07-17,3
2003-07-18,2.89125
2003-07-21,2.92813
2003-07-22,3.62875
2003-07-23,2.88688
2003-07-24,2.94156
2003-07-25,3
2003-07-28,3.11031
2003-07-29,3.06563
2003-07-30,3.11688
2003-07-31,3.17125
2003-08-01,3
2003-08-04,3.02375
2003-08-05,3.5
2003-08-06,3.06063
2003-08-07,3
2003-08-08,2.99375
2003-08-11,3.75
2003-08-12,4.25
2003-08-13,4.37938
2003-08-14,4.4825
2003-08-15,3.5
2003-08-18,4.4925
2003-08-19,4.38375
2003-08-20,3
2003-08-21,3
2003-08-22,3.06031
2003-08-25,.
2003-08-26,3.62813
2003-08-27,3.69156
2003-08-28,3.14953
2003-08-29,3.64938
2003-09-01,4.23625
2003-09-02,3.55938
2003-09-03,3.39578
2003-09-04,3.21875
2003-09-05,3.66813
2003-09-08,3.5
2003-09-09,3.25
2003-09-10,3.81219
2003-09-11,3.22375
2003-09-12,3.25
2003-09-15,3.25
2003-09-16,3.75
2003-09-17,3.37688
2003-09-18,3.37563
2003-09-19,3.6625
2003-09-22,3.38313
2003-09-23,3.75
2003-09-24,3.3775
2003-09-25,4.06531
2003-09-26,3.5
2003-09-29,4
2003-09-30,3.86563
2003-10-01,3.25
2003-10-02,3.25
2003-10-03,3.2575
2003-10-06,3.23125
2003-10-07,3.275
2003-10-08,3.37438
2003-10-09,3.58063
2003-10-10,3.74375
2003-10-13,3.44625
2003-10-14,3.75
2003-10-15,3.225
2003-10-16,3.20875
2003-10-17,3.15375
2003-10-20,3.32438
2003-10-21,3.25
2003-10-22,3.16938
2003-10-23,4
2003-10-24,3.67125
2003-10-27,3.5
2003-10-28,3.2675
2003-10-29,3.75
2003-10-30,3.82219
2003-10-31,3.25
2003-11-03,3.15875
2003-11-04,3.08656
2003-11-05,2.99125
2003-11-06,3.56469
2003-11-07,3.5
2003-11-10,3.43719
2003-11-11,4.13313
2003-11-12,3.63188
2003-11-13,3.69469
2003-11-14,3.87813
2003-11-17,3.69063
2003-11-18,3.75
2003-11-19,3.44375
2003-11-20,3.40125
2003-11-21,3.88375
2003-11-24,3.75
2003-11-25,4
2003-11-26,3.56219
2003-11-27,3.41094
2003-11-28,3.93906
2003-12-01,4.35563
2003-12-02,4.12438
2003-12-03,4
2003-12-04,4.25
2003-12-05,3.71125
2003-12-08,4.25
2003-12-09,3.69063
2003-12-10,3.75
2003-12-11,3.76125
2003-12-12,3.5
2003-12-15,3.5
2003-12-16,3.5
2003-12-17,3.83125
2003-12-18,3.75375
2003-12-19,4
2003-12-22,3.94625
2003-12-23,4
2003-12-24,3.62688
2003-12-25,.
2003-12-26,.
2003-12-29,4.12063
2003-12-30,3.75
2003-12-31,3.41563
2004-01-01,.
2004-01-02,3.445
2004-01-05,3.81188
2004-01-06,3.88375
2004-01-07,3.72
2004-01-08,4
2004-01-09,3.95594
2004-01-12,3.93938
2004-01-13,4.5
2004-01-14,3.48625
2004-01-15,3.48375
2004-01-16,3.48
2004-01-19,3.81094
2004-01-20,3.5
2004-01-21,4.21844
2004-01-22,3.9875
2004-01-23,3.39578
2004-01-26,3.5925
2004-01-27,3.44219
2004-01-28,4.2225
2004-01-29,4.43313
2004-01-30,3.96219
2004-02-02,3.43938
2004-02-03,3.3075
2004-02-04,3.125
2004-02-05,3.75
2004-02-06,3.61125
2004-02-09,4.69719
2004-02-10,4.37375
2004-02-11,4.8475
2004-02-12,4.985
2004-02-13,4.49
2004-02-16,5
2004-02-17,4.74375
2004-02-18,4.5
2004-02-19,3.7575
2004-02-20,4.22875
2004-02-23,4.62813
2004-02-24,4.5
2004-02-25,4.25
2004-02-26,3.75
2004-02-27,3.75
2004-03-01,4.155
2004-03-02,4.03125
2004-03-03,3.895
2004-03-04,4.32063
2004-03-05,4.25
2004-03-08,4.5
2004-03-09,4.12438
2004-03-10,3.75
2004-03-11,3.68906
2004-03-12,3.75
2004-03-15,3.75
2004-03-16,3.7575
2004-03-17,3.75
2004-03-18,3.87938
2004-03-19,3.88438
2004-03-22,3.92969
2004-03-23,3.75
2004-03-24,3.75
2004-03-25,4.12688
2004-03-26,4.1475
2004-03-29,4.25375
2004-03-30,4.62313
2004-03-31,3.7575
2004-04-01,3.72625
2004-04-02,3.75
2004-04-05,3.68875
2004-04-06,3.56188
2004-04-07,3.5
2004-04-08,3.84344
2004-04-09,.
2004-04-12,.
2004-04-13,4.2125
2004-04-14,4.37938
2004-04-15,3.645
2004-04-16,3.6025
2004-04-19,3.59625
2004-04-20,3.8075
2004-04-21,3.68563
2004-04-22,3.625
2004-04-23,4.25
2004-04-26,4.43688
2004-04-27,4.62563
2004-04-28,4.56813
2004-04-29,4.61875
2004-04-30,4.18938
2004-05-03,.
2004-05-04,3.68688
2004-05-05,3.56188
2004-05-06,4
2004-05-07,4.26
2004-05-10,4.27875
2004-05-11,4.41719
2004-05-12,4.38813
2004-05-13,4.3875
2004-05-14,4.5
2004-05-17,4.4
2004-05-18,4.3525
2004-05-19,4.5
2004-05-20,4.22125
2004-05-21,4.14813
2004-05-24,4.25375
2004-05-25,4.26125
2004-05-26,4.31
2004-05-27,4.31938
2004-05-28,4.62563
2004-05-31,.
2004-06-01,4.62438
2004-06-02,4.75
2004-06-03,4.47
2004-06-04,4.06063
2004-06-07,4
2004-06-08,3.90125
2004-06-09,3.81031
2004-06-10,4.39125
2004-06-11,4.5
2004-06-14,4.5
2004-06-15,4.49625
2004-06-16,4.68938
2004-06-17,4.43813
2004-06-18,4.38
2004-06-21,4.43688
2004-06-22,4.43563
2004-06-23,4.68938
2004-06-24,4.4675
2004-06-25,4.5
2004-06-28,4.62875
2004-06-29,4.75
2004-06-30,4.87875
2004-07-01,4.40125
2004-07-02,4.4
2004-07-05,4.43063
2004-07-06,4.3775
2004-07-07,4.38063
2004-07-08,4.50375
2004-07-09,4.6
2004-07-12,4.5
2004-07-13,4.5
2004-07-14,4.37938
2004-07-15,4.56438
2004-07-16,4.56438
2004-07-19,4.38625
2004-07-20,4.61563
2004-07-21,4.4575
2004-07-22,4.3975
2004-07-23,4.43969
2004-07-26,4.66125
2004-07-27,4.56
2004-07-28,5.01375
2004-07-29,4.99375
2004-07-30,4.32281
2004-08-02,4.195
2004-08-03,4.06031
2004-08-04,3.85625
2004-08-05,4.71219
2004-08-06,4.88375
2004-08-09,4.63
2004-08-10,4.64
2004-08-11,4.68313
2004-08-12,4.76
2004-08-13,4.7625
2004-08-16,5.06031
2004-08-17,4.76875
2004-08-18,4.81031
2004-08-19,4.88375
2004-08-20,4.72125
2004-08-23,4.70625
2004-08-24,4.93969
2004-08-25,4.72375
2004-08-26,5.3775
2004-08-27,4.63438
2004-08-30,.
2004-08-31,4.69375
2004-09-01,4.69469
2004-09-02,5.25
2004-09-03,4.87875
2004-09-06,5.18813
2004-09-07,4.6475
2004-09-08,4.87688
2004-09-09,4.75
2004-09-10,4.64
2004-09-13,4.81188
2004-09-14,4.65344
2004-09-15,4.705
2004-09-16,4.955
2004-09-17,5.045
2004-09-20,4.735
2004-09-21,4.64438
2004-09-22,4.75
2004-09-23,4.81781
2004-09-24,4.6425
2004-09-27,4.68438
2004-09-28,4.87625
2004-09-29,4.94438
2004-09-30,4.715
2004-10-01,4.7025
2004-10-04,5.21
2004-10-05,4.7
2004-10-06,4.67719
2004-10-07,4.87875
2004-10-08,4.80031
2004-10-11,4.6975
2004-10-12,4.69063
2004-10-13,4.7
2004-10-14,4.8025
2004-10-15,4.6975
2004-10-18,4.70125
2004-10-19,4.85625
2004-10-20,4.69625
2004-10-21,4.81313
2004-10-22,4.88
2004-10-25,4.90625
2004-10-26,4.68938
2004-10-27,4.69625
2004-10-28,4.97875
2004-10-29,4.64625
2004-11-01,4.64625
2004-11-02,4.6275
2004-11-03,4.79531
2004-11-04,4.91
2004-11-05,5
2004-11-08,4.69313
2004-11-09,4.70625
2004-11-10,4.68063
2004-11-11,4.68188
2004-11-12,4.65625
2004-11-15,4.67438
2004-11-16,4.74625
2004-11-17,4.6575
2004-11-18,4.8025
2004-11-19,5
2004-11-22,4.94594
2004-11-23,4.72125
2004-11-24,4.6525
2004-11-25,4.98594
2004-11-26,4.96375
2004-11-29,5.3125
2004-11-30,4.76625
2004-12-01,4.6775
2004-12-02,4.92625
2004-12-03,4.71
2004-12-06,4.66875
2004-12-07,4.6975
2004-12-08,4.65625
2004-12-09,4.68125
2004-12-10,4.95
2004-12-13,4.7425
2004-12-14,4.75375
2004-12-15,4.9
2004-12-16,5.20125
2004-12-17,5.00375
2004-12-20,4.77
2004-12-21,4.84
2004-12-22,4.94125
2004-12-23,4.85
2004-12-24,4.9
2004-12-27,.
2004-12-28,.
2004-12-29,4.8525
2004-12-30,4.685
2004-12-31,4.9575
2005-01-03,.
2005-01-04,5.0025
2005-01-05,4.92875
2005-01-06,4.93875
2005-01-07,4.7575
2005-01-10,4.685
2005-01-11,4.855
2005-01-12,4.76625
2005-01-13,4.70625
2005-01-14,4.65
2005-01-17,4.6825
2005-01-18,4.85
2005-01-19,4.9
2005-01-20,4.9425
2005-01-21,4.685
2005-01-24,4.675
2005-01-25,4.82125
2005-01-26,4.7375
2005-01-27,4.68
2005-01-28,4.81125
2005-01-31,4.68875
2005-02-01,4.85
2005-02-02,4.67625
2005-02-03,4.9025
2005-02-04,4.6525
2005-02-07,4.84
2005-02-08,4.9
2005-02-09,4.85
2005-02-10,4.90375
2005-02-11,4.695
2005-02-14,5.015
2005-02-15,4.6875
2005-02-16,4.685
2005-02-17,4.68
2005-02-18,4.91375
2005-02-21,4.6975
2005-02-22,4.9
2005-02-23,5
2005-02-24,5
2005-02-25,4.9
2005-02-28,5.295
2005-03-01,5.25
2005-03-02,4.69125
2005-03-03,5.5
2005-03-04,4.67875
2005-03-07,4.66875
2005-03-08,4.6825
2005-03-09,4.8325
2005-03-10,4.905
2005-03-11,4.675
2005-03-14,4.68625
2005-03-15,4.68
2005-03-16,4.71625
2005-03-17,4.69125
2005-03-18,4.69
2005-03-21,4.9
2005-03-22,4.955
2005-03-23,5
2005-03-24,4.6875
2005-03-25,.
2005-03-28,.
2005-03-29,4.70125
2005-03-30,4.6925
2005-03-31,4.805
2005-04-01,4.955
2005-04-04,5.0025
2005-04-05,5
2005-04-06,5.01
2005-04-07,5
2005-04-08,4.85
2005-04-11,4.73125
2005-04-12,4.93125
2005-04-13,4.92875
2005-04-14,4.995
2005-04-15,4.9675
2005-04-18,4.69875
2005-04-19,4.71125
2005-04-20,4.95
2005-04-21,4.70125
2005-04-22,4.6975
2005-04-25,4.9525
2005-04-26,4.68625
2005-04-27,4.95
2005-04-28,4.95125
2005-04-29,4.90125
2005-05-02,.
2005-05-03,4.855
2005-05-04,4.8775
2005-05-05,4.83375
2005-05-06,4.70125
2005-05-09,4.83
2005-05-10,4.68375
2005-05-11,4.665
2005-05-12,4.745
2005-05-13,4.67625
2005-05-16,4.68
2005-05-17,4.65125
2005-05-18,4.75
2005-05-19,4.6575
2005-05-20,4.655
2005-05-23,4.74375
2005-05-24,4.95
2005-05-25,4.96875
2005-05-26,4.7925
2005-05-27,4.68125
2005-05-30,.
2005-05-31,4.80125
2005-06-01,4.8775
2005-06-02,4.8125
2005-06-03,4.6475
2005-06-06,4.655
2005-06-07,4.6475
2005-06-08,4.8
2005-06-09,4.85
2005-06-10,4.67625
2005-06-13,4.95
2005-06-14,4.745
2005-06-15,4.7
2005-06-16,4.75625
2005-06-17,4.80625
2005-06-20,5
2005-06-21,5
2005-06-22,5
2005-06-23,5.05
2005-06-24,4.97375
2005-06-27,4.9975
2005-06-28,4.75
2005-06-29,4.95375
2005-06-30,4.9
2005-07-01,4.695
2005-07-04,4.6875
2005-07-05,4.85
2005-07-06,4.8475
2005-07-07,4.86429
2005-07-08,4.9
2005-07-11,4.945
2005-07-12,4.68
2005-07-13,4.6525
2005-07-14,4.85
2005-07-15,4.87375
2005-07-18,4.92375
2005-07-19,4.9075
2005-07-20,4.6625
2005-07-21,4.9
2005-07-22,4.905
2005-07-25,5
2005-07-26,5
2005-07-27,4.685
2005-07-28,4.6725
2005-07-29,4.675
2005-08-01,4.7075
2005-08-02,4.6825
2005-08-03,4.665
2005-08-04,4.66
2005-08-05,4.4475
2005-08-08,4.75
2005-08-09,4.46625
2005-08-10,4.7
2005-08-11,4.41625
2005-08-12,4.40125
2005-08-15,4.44375
2005-08-16,4.43875
2005-08-17,4.42875
2005-08-18,4.5375
2005-08-19,4.61625
2005-08-22,4.75
2005-08-23,4.755
2005-08-24,4.7975
2005-08-25,4.8
2005-08-26,4.7425
2005-08-29,.
2005-08-30,4.8
2005-08-31,4.8
2005-09-01,4.8
2005-09-02,4.8025
2005-09-05,4.45
2005-09-06,4.6
2005-09-07,4.75
2005-09-08,4.7825
2005-09-09,4.7975
2005-09-12,4.7475
2005-09-13,4.45
2005-09-14,4.72625
2005-09-15,4.63375
2005-09-16,4.7375
2005-09-19,4.44875
2005-09-20,4.40625
2005-09-21,4.59
2005-09-22,4.41
2005-09-23,4.41125
2005-09-26,4.72
2005-09-27,4.4875
2005-09-28,4.64875
2005-09-29,4.7075
2005-09-30,4.45
2005-10-03,4.55
2005-10-04,4.4
2005-10-05,4.4
2005-10-06,4.5
2005-10-07,4.4
2005-10-10,4.4
2005-10-11,4.405
2005-10-12,4.55
2005-10-13,4.65
2005-10-14,4.70625
2005-10-17,4.3875
2005-10-18,4.38125
2005-10-19,4.4
2005-10-20,4.45
2005-10-21,4.6025
2005-10-24,4.40125
2005-10-25,4.415
2005-10-26,4.7025
2005-10-27,4.41625
2005-10-28,4.4
2005-10-31,4.45
2005-11-01,4.7
2005-11-02,4.44875
2005-11-03,4.425
2005-11-04,4.6775
2005-11-07,4.7
2005-11-08,4.70125
2005-11-09,4.71
2005-11-10,4.7
2005-11-11,4.42375
2005-11-14,4.4125
2005-11-15,4.46875
2005-11-16,4.4175
2005-11-17,4.7075
2005-11-18,4.7075
2005-11-21,4.66
2005-11-22,4.7075
2005-11-23,4.75
2005-11-24,4.42125
2005-11-25,4.4125
2005-11-28,4.51625
2005-11-29,4.7025
2005-11-30,4.75
2005-12-01,4.4325
2005-12-02,4.7425
2005-12-05,4.78
2005-12-06,4.8
2005-12-07,4.8
2005-12-08,4.75
2005-12-09,4.42
2005-12-12,4.4475
2005-12-13,4.555
2005-12-14,4.745
2005-12-15,4.75
2005-12-16,4.84125
2005-12-19,4.67875
2005-12-20,4.595
2005-12-21,4.8
2005-12-22,4.805
2005-12-23,4.70625
2005-12-26,.
2005-12-27,.
2005-12-28,4.8
2005-12-29,4.835
2005-12-30,4.9
2006-01-02,.
2006-01-03,4.73
2006-01-04,4.75
2006-01-05,4.75
2006-01-06,4.45
2006-01-09,4.45
2006-01-10,4.6675
2006-01-11,4.4825
2006-01-12,4.65125
2006-01-13,4.4375
2006-01-16,4.42375
2006-01-17,4.41375
2006-01-18,4.41375
2006-01-19,4.41625
2006-01-20,4.4825
2006-01-23,4.4175
2006-01-24,4.415
2006-01-25,4.40875
2006-01-26,4.5
2006-01-27,4.5575
2006-01-30,4.65
2006-01-31,4.72875
2006-02-01,4.45
2006-02-02,4.445
2006-02-03,4.4375
2006-02-06,4.55
2006-02-07,4.43
2006-02-08,4.55125
2006-02-09,4.65
2006-02-10,4.41875
2006-02-13,4.43125
2006-02-14,4.465
2006-02-15,4.4825
2006-02-16,4.4325
2006-02-17,4.42
2006-02-20,4.42875
2006-02-21,4.42
2006-02-22,4.42125
2006-02-23,4.48625
2006-02-24,4.42625
2006-02-27,4.43
2006-02-28,4.66125
2006-03-01,4.75375
2006-03-02,4.85
2006-03-03,4.85
2006-03-06,4.49125
2006-03-07,4.45875
2006-03-08,4.44625
2006-03-09,4.4475
2006-03-10,4.7475
2006-03-13,4.80875
2006-03-14,4.85
2006-03-15,4.6025
2006-03-16,4.8
2006-03-17,4.85
2006-03-20,4.49
2006-03-21,4.4425
2006-03-22,4.42875
2006-03-23,4.43875
2006-03-24,4.43375
2006-03-27,4.5
2006-03-28,4.45
2006-03-29,4.4325
2006-03-30,4.48875
2006-03-31,4.8375
2006-04-03,4.70625
2006-04-04,4.7
2006-04-05,4.75
2006-04-06,4.5175
2006-04-07,4.43875
2006-04-10,4.6775
2006-04-11,4.485
2006-04-12,4.44875
2006-04-13,4.43125
2006-04-14,.
2006-04-17,.
2006-04-18,4.43375
2006-04-19,4.43
2006-04-20,4.44375
2006-04-21,4.43625
2006-04-24,4.65875
2006-04-25,4.5825
2006-04-26,4.45
2006-04-27,4.67375
2006-04-28,4.47
2006-05-01,.
2006-05-02,4.49625
2006-05-03,4.59
2006-05-04,4.5
2006-05-05,4.50875
2006-05-08,4.5
2006-05-09,4.65
2006-05-10,4.45
2006-05-11,4.435
2006-05-12,4.6
2006-05-15,4.45
2006-05-16,4.605
2006-05-17,4.42625
2006-05-18,4.6
2006-05-19,4.59375
2006-05-22,4.6
2006-05-23,4.6
2006-05-24,4.60625
2006-05-25,4.625
2006-05-26,4.62063
2006-05-29,.
2006-05-30,4.65
2006-05-31,4.6625
2006-06-01,4.63875
2006-06-02,4.635
2006-06-05,4.62438
2006-06-06,4.6475
2006-06-07,4.64188
2006-06-08,4.6425
2006-06-09,4.63875
2006-06-12,4.64
2006-06-13,4.63875
2006-06-14,4.62563
2006-06-15,4.62
2006-06-16,4.605
2006-06-19,4.6225
2006-06-20,4.605
2006-06-21,4.61375
2006-06-22,4.61688
2006-06-23,4.58813
2006-06-26,4.6
2006-06-27,4.59625
2006-06-28,4.59625
2006-06-29,4.60625
2006-06-30,4.6775
2006-07-03,4.63625
2006-07-04,4.62
2006-07-05,4.5475
2006-07-06,4.59625
2006-07-07,4.5925
2006-07-10,4.59688
2006-07-11,4.595
2006-07-12,4.585
2006-07-13,4.57875
2006-07-14,4.57875
2006-07-17,4.59
2006-07-18,4.6
2006-07-19,4.6
2006-07-20,4.59375
2006-07-21,4.58125
2006-07-24,4.58625
2006-07-25,4.58063
2006-07-26,4.58
2006-07-27,4.5825
2006-07-28,4.6
2006-07-31,4.72125
2006-08-01,4.95
2006-08-02,4.64375
2006-08-03,4.68625
2006-08-04,4.875
2006-08-07,4.87438
2006-08-08,4.84625
2006-08-09,4.84813
2006-08-10,4.845
2006-08-11,4.84563
2006-08-14,4.85
2006-08-15,4.95
2006-08-16,4.8975
2006-08-17,4.875
2006-08-18,4.86875
2006-08-21,4.86125
2006-08-22,4.85563
2006-08-23,4.85625
2006-08-24,4.8525
2006-08-25,4.89375
2006-08-28,.
2006-08-29,4.92375
2006-08-30,4.89375
2006-08-31,4.97375
2006-09-01,4.8525
2006-09-04,4.8425
2006-09-05,4.82375
2006-09-06,4.7475
2006-09-07,4.82625
2006-09-08,4.88125
2006-09-11,4.87125
2006-09-12,4.8475
2006-09-13,4.84
2006-09-14,4.8375
2006-09-15,4.835
2006-09-18,4.8425
2006-09-19,4.845
2006-09-20,4.845
2006-09-21,4.84125
2006-09-22,4.83375
2006-09-25,4.86
2006-09-26,4.84625
2006-09-27,4.84125
2006-09-28,4.84125
2006-09-29,4.9225
2006-10-02,4.84875
2006-10-03,4.95875
2006-10-04,4.7875
2006-10-05,4.91
2006-10-06,4.8375
2006-10-09,4.83625
2006-10-10,4.8525
2006-10-11,4.8575
2006-10-12,4.85625
2006-10-13,4.85313
2006-10-16,4.84563
2006-10-17,4.84063
2006-10-18,4.84625
2006-10-19,4.865
2006-10-20,4.87313
2006-10-23,4.89875
2006-10-24,4.89875
2006-10-25,4.89063
2006-10-26,4.89
2006-10-27,4.89063
2006-10-30,4.9125
2006-10-31,4.955
2006-11-01,4.875
2006-11-02,4.85
2006-11-03,4.83
2006-11-06,4.84188
2006-11-07,4.84
2006-11-08,4.78625
2006-11-09,5.095
2006-11-10,5.14
2006-11-13,5.1375
2006-11-14,5.14
2006-11-15,5.1225
2006-11-16,5.1
2006-11-17,5.1025
2006-11-20,5.11
2006-11-21,5.105
2006-11-22,5.10625
2006-11-23,5.11375
2006-11-24,5.11375
2006-11-27,5.11438
2006-11-28,5.10625
2006-11-29,5.10188
2006-11-30,5.13313
2006-12-01,5.09375
2006-12-04,5.09938
2006-12-05,5.095
2006-12-06,5.0625
2006-12-07,5.1025
2006-12-08,5.155
2006-12-11,5.16125
2006-12-12,5.14125
2006-12-13,5.1325
2006-12-14,5.12438
2006-12-15,5.1425
2006-12-18,5.14125
2006-12-19,5.135
2006-12-20,5.13125
2006-12-21,5.1175
2006-12-22,5.11875
2006-12-25,.
2006-12-26,.
2006-12-27,5.12
2006-12-28,5.1225
2006-12-29,5.28125
2007-01-01,.
2007-01-02,5.12
2007-01-03,5.11688
2007-01-04,5.11688
2007-01-05,5.10688
2007-01-08,5.09875
2007-01-09,5.0925
2007-01-10,5.05625
2007-01-11,5.1725
2007-01-12,5.35
2007-01-15,5.3625
2007-01-16,5.355
2007-01-17,5.3525
2007-01-18,5.3525
2007-01-19,5.34813
2007-01-22,5.3525
2007-01-23,5.3525
2007-01-24,5.35
2007-01-25,5.35
2007-01-26,5.3425
2007-01-29,5.345
2007-01-30,5.345
2007-01-31,5.36875
2007-02-01,5.34688
2007-02-02,5.34438
2007-02-05,5.34563
2007-02-06,5.33375
2007-02-07,5.29
2007-02-08,5.42125
2007-02-09,5.3575
2007-02-12,5.3575
2007-02-13,5.35813
2007-02-14,5.35563
2007-02-15,5.35563
2007-02-16,5.35563
2007-02-19,5.35438
2007-02-20,5.35813
2007-02-21,5.3625
2007-02-22,5.355
2007-02-23,5.35688
2007-02-26,5.355
2007-02-27,5.355
2007-02-28,5.3575
2007-03-01,5.35438
2007-03-02,5.3475
2007-03-05,5.335
2007-03-06,5.32
2007-03-07,5.25625
2007-03-08,5.3875
2007-03-09,5.35875
2007-03-12,5.36
2007-03-13,5.36
2007-03-14,5.36125
2007-03-15,5.36
2007-03-16,5.36
2007-03-19,5.36
2007-03-20,5.36
2007-03-21,5.35
2007-03-22,5.34875
2007-03-23,5.335
2007-03-26,5.33875
2007-03-27,5.33938
2007-03-28,5.33875
2007-03-29,5.34375
2007-03-30,5.37875
2007-04-02,5.32938
2007-04-03,5.3175
2007-04-04,5.30625
2007-04-05,5.4625
2007-04-06,.
2007-04-09,.
2007-04-10,5.35375
2007-04-11,5.35875
2007-04-12,5.35875
2007-04-13,5.35875
2007-04-16,5.35625
2007-04-17,5.35125
2007-04-18,5.335
2007-04-19,5.3225
2007-04-20,5.3225
2007-04-23,5.32125
2007-04-24,5.31875
2007-04-25,5.31938
2007-04-26,5.33438
2007-04-27,5.3275
2007-04-30,5.33625
2007-05-01,5.335
2007-05-02,5.33125
2007-05-03,5.32688
2007-05-04,5.31875
2007-05-07,.
2007-05-08,5.31625
2007-05-09,5.29875
2007-05-10,5.6225
2007-05-11,5.6025
2007-05-14,5.6025
2007-05-15,5.60125
2007-05-16,5.6
2007-05-17,5.60625
2007-05-18,5.59375
2007-05-21,5.58625
2007-05-22,5.58813
2007-05-23,5.61375
2007-05-24,5.60313
2007-05-25,5.61313
2007-05-28,.
2007-05-29,5.61375
2007-05-30,5.61375
2007-05-31,5.61125
2007-06-01,5.59625
2007-06-04,5.58625
2007-06-05,5.56
2007-06-06,5.54375
2007-06-07,5.6475
2007-06-08,5.6075
2007-06-11,5.61625
2007-06-12,5.62
2007-06-13,5.60625
2007-06-14,5.5975
2007-06-15,5.59375
2007-06-18,5.6
2007-06-19,5.5975
2007-06-20,5.59688
2007-06-21,5.59313
2007-06-22,5.58125
2007-06-25,5.5925
2007-06-26,5.58563
2007-06-27,5.55813
2007-06-28,5.695
2007-06-29,6.75375
2007-07-02,6.73125
2007-07-03,6.6625
2007-07-04,5.70875
2007-07-05,5.8625
2007-07-06,5.86625
2007-07-09,5.865
2007-07-10,5.855
2007-07-11,5.8525
2007-07-12,5.85
2007-07-13,5.8475
2007-07-16,5.85
2007-07-17,5.85
2007-07-18,5.84875
2007-07-19,5.84625
2007-07-20,5.83625
2007-07-23,5.83875
2007-07-24,5.83
2007-07-25,5.82625
2007-07-26,5.825
2007-07-27,5.81625
2007-07-30,5.82125
2007-07-31,5.82938
2007-08-01,5.80125
2007-08-02,5.83625
2007-08-03,5.83625
2007-08-06,5.84625
2007-08-07,5.85125
2007-08-08,5.85
2007-08-09,6.165
2007-08-10,6.475
2007-08-13,6.5
2007-08-14,6.11875
2007-08-15,6.025
2007-08-16,5.93125
2007-08-17,6.2275
2007-08-20,6.06875
2007-08-21,5.94125
2007-08-22,5.9
2007-08-23,5.9
2007-08-24,5.9
2007-08-27,.
2007-08-28,5.9
2007-08-29,5.9
2007-08-30,6.12875
2007-08-31,6.23125
2007-09-03,6.2475
2007-09-04,6.11
2007-09-05,5.90625
2007-09-06,5.9
2007-09-07,5.9
2007-09-10,5.9125
2007-09-11,5.9
2007-09-12,5.9
2007-09-13,5.87375
2007-09-14,5.87375
2007-09-17,6.46875
2007-09-18,6.1425
2007-09-19,5.8875
2007-09-20,5.82375
2007-09-21,5.7525
2007-09-24,5.8
2007-09-25,5.73125
2007-09-26,5.66
2007-09-27,5.8
2007-09-28,6
2007-10-01,5.8
2007-10-02,5.81
2007-10-03,5.80875
2007-10-04,5.81375
2007-10-05,5.81625
2007-10-08,5.85
2007-10-09,5.8575
2007-10-10,5.85875
2007-10-11,5.85
2007-10-12,5.85
2007-10-15,5.85
2007-10-16,5.84625
2007-10-17,5.83
2007-10-18,5.8225
2007-10-19,5.82125
2007-10-22,5.81875
2007-10-23,5.81625
2007-10-24,5.80625
2007-10-25,5.80125
2007-10-26,5.79625
2007-10-29,5.8025
2007-10-30,5.815
2007-10-31,5.855
2007-11-01,5.8075
2007-11-02,5.79875
2007-11-05,5.80625
2007-11-06,5.80125
2007-11-07,5.7925
2007-11-08,5.8025
2007-11-09,5.81375
2007-11-12,5.82375
2007-11-13,5.82875
2007-11-14,5.84375
2007-11-15,5.84875
2007-11-16,5.86375
2007-11-19,5.9075
2007-11-20,5.91375
2007-11-21,5.83625
2007-11-22,5.83625
2007-11-23,5.82375
2007-11-26,5.82625
2007-11-27,5.83063
2007-11-28,5.82875
2007-11-29,5.83375
2007-11-30,5.95
2007-12-03,5.8875
2007-12-04,5.8475
2007-12-05,5.8375
2007-12-06,5.7425
2007-12-07,5.69125
2007-12-10,5.685
2007-12-11,5.7
2007-12-12,5.685
2007-12-13,5.60875
2007-12-14,5.6
2007-12-17,5.5975
2007-12-18,5.5975
2007-12-19,5.5875
2007-12-20,5.5675
2007-12-21,5.56125
2007-12-24,5.5625
2007-12-25,.
2007-12-26,.
2007-12-27,5.5225
2007-12-28,5.40625
2007-12-31,5.835
2008-01-01,.
2008-01-02,5.5975
2008-01-03,5.57125
2008-01-04,5.61
2008-01-07,5.595
2008-01-08,5.56625
2008-01-09,5.505
2008-01-10,5.4375
2008-01-11,5.585
2008-01-14,5.57625
2008-01-15,5.58
2008-01-16,5.57875
2008-01-17,5.54875
2008-01-18,5.55
2008-01-21,5.54875
2008-01-22,5.53875
2008-01-23,5.53
2008-01-24,5.51625
2008-01-25,5.525
2008-01-28,5.54125
2008-01-29,5.54125
2008-01-30,5.55
2008-01-31,5.55125
2008-02-01,5.545
2008-02-04,5.54875
2008-02-05,5.55
2008-02-06,5.56125
2008-02-07,5.3525
2008-02-08,5.32375
2008-02-11,5.3275
2008-02-12,5.3325
2008-02-13,5.325
2008-02-14,5.32125
2008-02-15,5.32375
2008-02-18,5.32625
2008-02-19,5.33125
2008-02-20,5.33125
2008-02-21,5.33625
2008-02-22,5.33375
2008-02-25,5.3325
2008-02-26,5.3275
2008-02-27,5.3275
2008-02-28,5.32125
2008-02-29,5.32875
2008-03-03,5.35
2008-03-04,5.35
2008-03-05,5.34
2008-03-06,5.31
2008-03-07,5.315
2008-03-10,5.32875
2008-03-11,5.3275
2008-03-12,5.325
2008-03-13,5.31875
2008-03-14,5.31375
2008-03-17,5.5875
2008-03-18,5.58125
2008-03-19,5.4225
2008-03-20,5.3125
2008-03-21,.
2008-03-24,.
2008-03-25,5.46625
2008-03-26,5.44625
2008-03-27,5.3975
2008-03-28,5.30875
2008-03-31,5.5375
2008-04-01,5.395
2008-04-02,5.33125
2008-04-03,5.3075
2008-04-04,5.23
2008-04-07,5.24625
2008-04-08,5.205
2008-04-09,5.20625
2008-04-10,5.1525
2008-04-11,5.08875
2008-04-14,5.0975
2008-04-15,5.095
2008-04-16,5.08625
2008-04-17,5.08875
2008-04-18,5.0825
2008-04-21,5.08125
2008-04-22,5.0825
2008-04-23,5.05
2008-04-24,5.04625
2008-04-25,5.05
2008-04-28,5.06125
2008-04-29,5.095
2008-04-30,5.11125
2008-05-01,5.11625
2008-05-02,5.1
2008-05-05,.
2008-05-06,5.1
2008-05-07,5.08875
2008-05-08,5.07125
2008-05-09,5.07625
2008-05-12,5.09
2008-05-13,5.09125
2008-05-14,5.0875
2008-05-15,5.0975
2008-05-16,5.09375
2008-05-19,5.09375
2008-05-20,5.1
2008-05-21,5.0975
2008-05-22,5.09625
2008-05-23,5.08125
2008-05-26,.
2008-05-27,5.08625
2008-05-28,5.09125
2008-05-29,5.09
2008-05-30,5.115
2008-06-02,5.09375
2008-06-03,5.0825
2008-06-04,5.07875
2008-06-05,5.05
2008-06-06,5.0575
2008-06-09,5.09125
2008-06-10,5.0975
2008-06-11,5.095
2008-06-12,5.0925
2008-06-13,5.095
2008-06-16,5.1
2008-06-17,5.09
2008-06-18,5.09375
2008-06-19,5.09375
2008-06-20,5.09
2008-06-23,5.085
2008-06-24,5.0775
2008-06-25,5.0525
2008-06-26,5.03625
2008-06-27,5.04625
2008-06-30,5.315
2008-07-01,5.10125
2008-07-02,5.095
2008-07-03,5.06625
2008-07-04,5.05125
2008-07-07,5.06125
2008-07-08,5.0675
2008-07-09,5.0675
2008-07-10,5.06063
2008-07-11,5.06625
2008-07-14,5.07875
2008-07-15,5.0775
2008-07-16,5.075
2008-07-17,5.07
2008-07-18,5.0675
2008-07-21,5.06625
2008-07-22,5.06125
2008-07-23,5.05875
2008-07-24,5.0575
2008-07-25,5.05875
2008-07-28,5.06875
2008-07-29,5.05938
2008-07-30,5.0525
2008-07-31,5.0425
2008-08-01,5.01125
2008-08-04,5.045
2008-08-05,5.04375
2008-08-06,5.04125
2008-08-07,5.0425
2008-08-08,5.04688
2008-08-11,5.05
2008-08-12,5.05
2008-08-13,5.04625
2008-08-14,5.04063
2008-08-15,5.055
2008-08-18,5.04938
2008-08-19,5.04875
2008-08-20,5.04625
2008-08-21,5.05
2008-08-22,5.04625
2008-08-25,.
2008-08-26,5.045
2008-08-27,5.04313
2008-08-28,5.04188
2008-08-29,5.05188
2008-09-01,5.055
2008-09-02,5.05563
2008-09-03,5.05438
2008-09-04,5.05563
2008-09-05,5.05313
2008-09-08,5.05688
2008-09-09,5.05188
2008-09-10,5.05125
2008-09-11,5.04875
2008-09-12,5.0475
2008-09-15,5.49375
2008-09-16,6.79375
2008-09-17,5.29375
2008-09-18,5.175
2008-09-19,4.75625
2008-09-22,4.70625
2008-09-23,4.5
2008-09-24,5
2008-09-25,5.08125
2008-09-26,5
2008-09-29,5.2625
2008-09-30,6.78125
2008-10-01,4.9625
2008-10-02,5
2008-10-03,5
2008-10-06,5.08125
2008-10-07,5.84375
2008-10-08,5.83125
2008-10-09,5.41875
2008-10-10,5.8125
2008-10-13,5.6
2008-10-14,5.425
2008-10-15,5.375
2008-10-16,5.175
2008-10-17,4.6875
2008-10-20,4.76875
2008-10-21,4.75
2008-10-22,4.58125
2008-10-23,4.5625
2008-10-24,4.75
2008-10-27,4.8125
2008-10-28,4.7875
2008-10-29,4.8
2008-10-30,4.7375
2008-10-31,4.625
2008-11-03,4.525
2008-11-04,4.53375
2008-11-05,4.5025
2008-11-06,4
2008-11-07,3.2125
2008-11-10,3.20625
2008-11-11,3.10625
2008-11-12,3.0375
2008-11-13,3
2008-11-14,3
2008-11-17,3
2008-11-18,3
2008-11-19,3
2008-11-20,3
2008-11-21,3
2008-11-24,2.975
2008-11-25,2.98125
2008-11-26,2.99375
2008-11-27,3
2008-11-28,3.0125
2008-12-01,3.00625
2008-12-02,3
2008-12-03,3
2008-12-04,2.0625
2008-12-05,2
2008-12-08,2
2008-12-09,2
2008-12-10,1.96875
2008-12-11,1.99375
2008-12-12,1.99875
2008-12-15,2
2008-12-16,2
2008-12-17,2
2008-12-18,2
2008-12-19,2
2008-12-22,2
2008-12-23,2
2008-12-24,2
2008-12-25,.
2008-12-26,.
2008-12-29,2
2008-12-30,2
2008-12-31,2.05875
2009-01-01,.
2009-01-02,2
2009-01-05,2
2009-01-06,2
2009-01-07,2
2009-01-08,1.6375
2009-01-09,1.5
2009-01-12,1.5
2009-01-13,1.5
2009-01-14,1.5
2009-01-15,1.5
2009-01-16,1.5125
2009-01-19,1.55625
2009-01-20,1.59375
2009-01-21,1.605
2009-01-22,1.575
2009-01-23,1.53438
2009-01-26,1.5175
2009-01-27,1.5
2009-01-28,1.5125
2009-01-29,1.55625
2009-01-30,1.6
2009-02-02,1.6
2009-02-03,1.59375
2009-02-04,1.5875
2009-02-05,1.275
2009-02-06,1.01875
2009-02-09,1.00625
2009-02-10,1
2009-02-11,1
2009-02-12,0.99375
2009-02-13,1
2009-02-16,1.09375
2009-02-17,1.125
2009-02-18,1.1475
2009-02-19,1.125
2009-02-20,1.00625
2009-02-23,1
2009-02-24,0.98125
2009-02-25,0.97875
2009-02-26,1
2009-02-27,1.03125
2009-03-02,1.01875
2009-03-03,1.09125
2009-03-04,1.09375
2009-03-05,0.83125
2009-03-06,0.65625
2009-03-09,0.66875
2009-03-10,0.68375
2009-03-11,0.685
2009-03-12,0.66125
2009-03-13,0.65125
2009-03-16,0.65
2009-03-17,0.63375
2009-03-18,0.6175
2009-03-19,0.635
2009-03-20,0.63
2009-03-23,0.63
2009-03-24,0.61875
2009-03-25,0.60125
2009-03-26,0.6
2009-03-27,0.6
2009-03-30,0.6
2009-03-31,0.7
2009-04-01,0.61875
2009-04-02,0.61875
2009-04-03,0.60625
2009-04-06,0.6125
2009-04-07,0.60625
2009-04-08,0.60625
2009-04-09,0.6
2009-04-10,.
2009-04-13,.
2009-04-14,0.6
2009-04-15,0.6
2009-04-16,0.6
2009-04-17,0.6
2009-04-20,0.5975
2009-04-21,0.5975
2009-04-22,0.59125
2009-04-23,0.55875
2009-04-24,0.55375
2009-04-27,0.55125
2009-04-28,0.55125
2009-04-29,0.55125
2009-04-30,0.55125
2009-05-01,0.555
2009-05-04,.
2009-05-05,0.555
2009-05-06,0.555
2009-05-07,0.55
2009-05-08,0.55
2009-05-11,0.55
2009-05-12,0.55
2009-05-13,0.55
2009-05-14,0.55
2009-05-15,0.55
2009-05-18,0.55
2009-05-19,0.55
2009-05-20,0.55
2009-05-21,0.55
2009-05-22,0.55
2009-05-25,.
2009-05-26,0.55
2009-05-27,0.55
2009-05-28,0.55
2009-05-29,0.55375
2009-06-01,0.5525
2009-06-02,0.55125
2009-06-03,0.55
2009-06-04,0.55
2009-06-05,0.55
2009-06-08,0.55
2009-06-09,0.55
2009-06-10,0.55
2009-06-11,0.55
2009-06-12,0.55
2009-06-15,0.55
2009-06-16,0.55
2009-06-17,0.55
2009-06-18,0.55
2009-06-19,0.55
2009-06-22,0.55
2009-06-23,0.55
2009-06-24,0.55
2009-06-25,0.55
2009-06-26,0.55
2009-06-29,0.55
2009-06-30,0.5525
2009-07-01,0.55
2009-07-02,0.55
2009-07-03,0.5475
2009-07-06,0.54125
2009-07-07,0.54375
2009-07-08,0.54375
2009-07-09,0.545
2009-07-10,0.545
2009-07-13,0.545
2009-07-14,0.545
2009-07-15,0.545
2009-07-16,0.545
2009-07-17,0.54375
2009-07-20,0.54375
2009-07-21,0.54375
2009-07-22,0.5425
2009-07-23,0.5425
2009-07-24,0.545
2009-07-27,0.545
2009-07-28,0.54625
2009-07-29,0.5475
2009-07-30,0.545
2009-07-31,0.54625
2009-08-03,0.545
2009-08-04,0.545
2009-08-05,0.545
2009-08-06,0.5425
2009-08-07,0.545
2009-08-10,0.5425
2009-08-11,0.54
2009-08-12,0.5375
2009-08-13,0.53375
2009-08-14,0.5325
2009-08-17,0.53125
2009-08-18,0.5275
2009-08-19,0.53
2009-08-20,0.52375
2009-08-21,0.52125
2009-08-24,0.5175
2009-08-25,0.51375
2009-08-26,0.5125
2009-08-27,0.51
2009-08-28,0.5075
2009-08-31,.
2009-09-01,0.50625
2009-09-02,0.505
2009-09-03,0.505
2009-09-04,0.50375
2009-09-07,0.50375
2009-09-08,0.50375
2009-09-09,0.5025
2009-09-10,0.5025
2009-09-11,0.5025
2009-09-14,0.5025
2009-09-15,0.5025
2009-09-16,0.5025
2009-09-17,0.5025
2009-09-18,0.5025
2009-09-21,0.5025
2009-09-22,0.5025
2009-09-23,0.5025
2009-09-24,0.5025
2009-09-25,0.5025
2009-09-28,0.5025
2009-09-29,0.5025
2009-09-30,0.5025
2009-10-01,0.5025
2009-10-02,0.5025
2009-10-05,0.5025
2009-10-06,0.50375
2009-10-07,0.50375
2009-10-08,0.50375
2009-10-09,0.50375
2009-10-12,0.50375
2009-10-13,0.50375
2009-10-14,0.505
2009-10-15,0.505
2009-10-16,0.505
2009-10-19,0.505
2009-10-20,0.505
2009-10-21,0.505
2009-10-22,0.50625
2009-10-23,0.50625
2009-10-26,0.50625
2009-10-27,0.50625
2009-10-28,0.50625
2009-10-29,0.505
2009-10-30,0.505
2009-11-02,0.505
2009-11-03,0.505
2009-11-04,0.50438
2009-11-05,0.50438
2009-11-06,0.505
2009-11-09,0.505
2009-11-10,0.505
2009-11-11,0.505
2009-11-12,0.505
2009-11-13,0.505
2009-11-16,0.505
2009-11-17,0.505
2009-11-18,0.50375
2009-11-19,0.50375
2009-11-20,0.50375
2009-11-23,0.50375
2009-11-24,0.50375
2009-11-25,0.50375
2009-11-26,0.50375
2009-11-27,0.50375
2009-11-30,0.505
2009-12-01,0.50375
2009-12-02,0.50375
2009-12-03,0.50375
2009-12-04,0.50375
2009-12-07,0.50375
2009-12-08,0.50375
2009-12-09,0.50313
2009-12-10,0.50313
2009-12-11,0.50313
2009-12-14,0.50313
2009-12-15,0.50313
2009-12-16,0.50313
2009-12-17,0.50563
2009-12-18,0.50563
2009-12-21,0.50563
2009-12-22,0.50563
2009-12-23,0.50688
2009-12-24,0.50688
2009-12-25,.
2009-12-28,.
2009-12-29,0.50563
2009-12-30,0.50563
2009-12-31,0.50625
2010-01-01,.
2010-01-04,0.5075
2010-01-05,0.51
2010-01-06,0.50875
2010-01-07,0.51
2010-01-08,0.50875
2010-01-11,0.50875
2010-01-12,0.50875
2010-01-13,0.50875
2010-01-14,0.50875
2010-01-15,0.51125
2010-01-18,0.51125
2010-01-19,0.51125
2010-01-20,0.5125
2010-01-21,0.51375
2010-01-22,0.51125
2010-01-25,0.51375
2010-01-26,0.51375
2010-01-27,0.51375
2010-01-28,0.51375
2010-01-29,0.51375
2010-02-01,0.51375
2010-02-02,0.51375
2010-02-03,0.5175
2010-02-04,0.5175
2010-02-05,0.51875
2010-02-08,0.52
2010-02-09,0.52063
2010-02-10,0.52188
2010-02-11,0.52188
2010-02-12,0.52188
2010-02-15,0.52375
2010-02-16,0.525
2010-02-17,0.5275
2010-02-18,0.52875
2010-02-19,0.52875
2010-02-22,0.53
2010-02-23,0.53
2010-02-24,0.53
2010-02-25,0.53
2010-02-26,0.53
2010-03-01,0.53125
2010-03-02,0.53125
2010-03-03,0.53125
2010-03-04,0.53125
2010-03-05,0.53125
2010-03-08,0.535
2010-03-09,0.53375
2010-03-10,0.535
2010-03-11,0.535
2010-03-12,0.535
2010-03-15,0.535
2010-03-16,0.535
2010-03-17,0.53625
2010-03-18,0.5375
2010-03-19,0.5375
2010-03-22,0.5375
2010-03-23,0.53813
2010-03-24,0.53813
2010-03-25,0.53813
2010-03-26,0.53813
2010-03-29,0.53813
2010-03-30,0.53813
2010-03-31,0.53813
2010-04-01,0.53813
2010-04-02,.
2010-04-05,.
2010-04-06,0.54063
2010-04-07,0.54063
2010-04-08,0.54063
2010-04-09,0.54063
2010-04-12,0.54063
2010-04-13,0.54063
2010-04-14,0.54063
2010-04-15,0.54063
2010-04-16,0.54063
2010-04-19,0.54063
2010-04-20,0.54125
2010-04-21,0.5425
2010-04-22,0.5425
2010-04-23,0.54375
2010-04-26,0.54375
2010-04-27,0.54375
2010-04-28,0.545
2010-04-29,0.54563
2010-04-30,0.54688
2010-05-03,.
2010-05-04,0.54813
2010-05-05,0.54813
2010-05-06,0.54813
2010-05-07,0.55125
2010-05-10,0.55
2010-05-11,0.55
2010-05-12,0.54875
2010-05-13,0.5475
2010-05-14,0.5475
2010-05-17,0.5475
2010-05-18,0.5475
2010-05-19,0.5475
2010-05-20,0.5475
2010-05-21,0.5475
2010-05-24,0.5475
2010-05-25,0.54875
2010-05-26,0.54875
2010-05-27,0.54875
2010-05-28,0.55
2010-05-31,.
2010-06-01,0.55125
2010-06-02,0.55125
2010-06-03,0.55125
2010-06-04,0.55125
2010-06-07,0.55125
2010-06-08,0.55125
2010-06-09,0.55125
2010-06-10,0.55125
2010-06-11,0.55125
2010-06-14,0.54875
2010-06-15,0.54875
2010-06-16,0.54875
2010-06-17,0.54875
2010-06-18,0.54875
2010-06-21,0.54875
2010-06-22,0.54875
2010-06-23,0.54875
2010-06-24,0.54875
2010-06-25,0.54875
2010-06-28,0.54875
2010-06-29,0.54875
2010-06-30,0.54875
2010-07-01,0.54875
2010-07-02,0.55
2010-07-05,0.55
2010-07-06,0.55
2010-07-07,0.55
2010-07-08,0.54875
2010-07-09,0.55
2010-07-12,0.55
2010-07-13,0.55
2010-07-14,0.55
2010-07-15,0.55
2010-07-16,0.55
2010-07-19,0.55
2010-07-20,0.55
2010-07-21,0.55
2010-07-22,0.55
2010-07-23,0.55125
2010-07-26,0.55125
2010-07-27,0.55125
2010-07-28,0.55125
2010-07-29,0.55125
2010-07-30,0.55125
2010-08-02,0.55125
2010-08-03,0.55125
2010-08-04,0.55125
2010-08-05,0.55125
2010-08-06,0.55125
2010-08-09,0.55125
2010-08-10,0.55125
2010-08-11,0.55
2010-08-12,0.54875
2010-08-13,0.54875
2010-08-16,0.54875
2010-08-17,0.5475
2010-08-18,0.5475
2010-08-19,0.5475
2010-08-20,0.5475
2010-08-23,0.5475
2010-08-24,0.5475
2010-08-25,0.5475
2010-08-26,0.5475
2010-08-27,0.5475
2010-08-30,.
2010-08-31,0.5475
2010-09-01,0.54875
2010-09-02,0.54875
2010-09-03,0.54875
2010-09-06,0.54875
2010-09-07,0.54875
2010-09-08,0.54875
2010-09-09,0.54875
2010-09-10,0.54875
2010-09-13,0.54875
2010-09-14,0.54875
2010-09-15,0.54875
2010-09-16,0.54875
2010-09-17,0.54875
2010-09-20,0.54875
2010-09-21,0.54875
2010-09-22,0.54875
2010-09-23,0.54875
2010-09-24,0.54875
2010-09-27,0.54875
2010-09-28,0.54875
2010-09-29,0.54875
2010-09-30,0.55125
2010-10-01,0.55125
2010-10-04,0.55
2010-10-05,0.55
2010-10-06,0.55
2010-10-07,0.55
2010-10-08,0.55
2010-10-11,0.55
2010-10-12,0.55
2010-10-13,0.55
2010-10-14,0.55
2010-10-15,0.55
2010-10-18,0.55125
2010-10-19,0.55125
2010-10-20,0.55125
2010-10-21,0.5525
2010-10-22,0.5525
2010-10-25,0.5525
2010-10-26,0.5525
2010-10-27,0.5525
2010-10-28,0.5525
2010-10-29,0.55375
2010-11-01,0.55375
2010-11-02,0.55375
2010-11-03,0.55375
2010-11-04,0.55375
2010-11-05,0.5525
2010-11-08,0.5525
2010-11-09,0.5525
2010-11-10,0.5525
2010-11-11,0.5525
2010-11-12,0.5525
2010-11-15,0.5525
2010-11-16,0.5525
2010-11-17,0.5525
2010-11-18,0.5525
2010-11-19,0.5525
2010-11-22,0.55313
2010-11-23,0.55313
2010-11-24,0.55313
2010-11-25,0.55313
2010-11-26,0.55313
2010-11-29,0.55313
2010-11-30,0.55313
2010-12-01,0.55563
2010-12-02,0.55563
2010-12-03,0.55563
2010-12-06,0.55563
2010-12-07,0.55563
2010-12-08,0.55563
2010-12-09,0.55625
2010-12-10,0.55625
2010-12-13,0.55625
2010-12-14,0.555
2010-12-15,0.555
2010-12-16,0.555
2010-12-17,0.555
2010-12-20,0.555
2010-12-21,0.555
2010-12-22,0.555
2010-12-23,0.555
2010-12-24,0.555
2010-12-27,.
2010-12-28,.
2010-12-29,0.5575
2010-12-30,0.55875
2010-12-31,0.565
2011-01-03,.
2011-01-04,0.55938
2011-01-05,0.55813
2011-01-06,0.55813
2011-01-07,0.55813
2011-01-10,0.55813
2011-01-11,0.55813
2011-01-12,0.55813
2011-01-13,0.55813
2011-01-14,0.55813
2011-01-17,0.55813
2011-01-18,0.55813
2011-01-19,0.55813
2011-01-20,0.55813
2011-01-21,0.55813
2011-01-24,0.55813
2011-01-25,0.55688
2011-01-26,0.55688
2011-01-27,0.55688
2011-01-28,0.55688
2011-01-31,0.55688
2011-02-01,0.55688
2011-02-02,0.55688
2011-02-03,0.55688
2011-02-04,0.55688
2011-02-07,0.55688
2011-02-08,0.55813
2011-02-09,0.55688
2011-02-10,0.55688
2011-02-11,0.55625
2011-02-14,0.55625
2011-02-15,0.55625
2011-02-16,0.55625
2011-02-17,0.55625
2011-02-18,0.55625
2011-02-21,0.55625
2011-02-22,0.55625
2011-02-23,0.55625
2011-02-24,0.55625
2011-02-25,0.55625
2011-02-28,0.55625
2011-03-01,0.55625
2011-03-02,0.55625
2011-03-03,0.55625
2011-03-04,0.55625
2011-03-07,0.55625
2011-03-08,0.55625
2011-03-09,0.55625
2011-03-10,0.55625
2011-03-11,0.55625
2011-03-14,0.55625
2011-03-15,0.55688
2011-03-16,0.55688
2011-03-17,0.55688
2011-03-18,0.55688
2011-03-21,0.55688
2011-03-22,0.55688
2011-03-23,0.55813
2011-03-24,0.55813
2011-03-25,0.55813
2011-03-28,0.55938
2011-03-29,0.55938
2011-03-30,0.55938
2011-03-31,0.56063
2011-04-01,0.56188
2011-04-04,0.56313
2011-04-05,0.56563
2011-04-06,0.56563
2011-04-07,0.56563
2011-04-08,0.56688
2011-04-11,0.56813
2011-04-12,0.56813
2011-04-13,0.56688
2011-04-14,0.56688
2011-04-15,0.56688
2011-04-18,0.56688
2011-04-19,0.56688
2011-04-20,0.56688
2011-04-21,0.57213
2011-04-22,.
2011-04-25,.
2011-04-26,0.574
2011-04-27,0.57588
2011-04-28,0.58088
2011-04-29,.
2011-05-02,.
2011-05-03,0.58088
2011-05-04,0.57838
2011-05-05,0.57713
2011-05-06,0.57588
2011-05-09,0.57588
2011-05-10,0.57588
2011-05-11,0.57463
2011-05-12,0.57463
2011-05-13,0.57463
2011-05-16,0.5715
2011-05-17,0.5715
2011-05-18,0.5715
2011-05-19,0.57025
2011-05-20,0.569
2011-05-23,0.565
2011-05-24,0.565
2011-05-25,0.56438
2011-05-26,0.56438
2011-05-27,0.56563
2011-05-30,.
2011-05-31,0.56813
2011-06-01,0.56813
2011-06-02,0.56688
2011-06-03,0.56938
2011-06-06,0.56813
2011-06-07,0.56813
2011-06-08,0.57063
2011-06-09,0.56938
2011-06-10,0.56938
2011-06-13,0.56938
2011-06-14,0.56688
2011-06-15,0.56688
2011-06-16,0.56688
2011-06-17,0.56688
2011-06-20,0.56688
2011-06-21,0.56688
2011-06-22,0.56688
2011-06-23,0.56563
2011-06-24,0.56563
2011-06-27,0.56563
2011-06-28,0.56563
2011-06-29,0.56688
2011-06-30,0.67125
2011-07-01,0.56813
2011-07-04,0.56563
2011-07-05,0.56563
2011-07-06,0.56563
2011-07-07,0.56563
2011-07-08,0.56563
2011-07-11,0.56563
2011-07-12,0.56438
2011-07-13,0.56438
2011-07-14,0.56438
2011-07-15,0.56563
2011-07-18,0.56563
2011-07-19,0.56438
2011-07-20,0.56438
2011-07-21,0.56438
2011-07-22,0.56438
2011-07-25,0.56438
2011-07-26,0.56375
2011-07-27,0.56375
2011-07-28,0.565
2011-07-29,0.57125
2011-08-01,0.56875
2011-08-02,0.57625
2011-08-03,0.57438
2011-08-04,0.57063
2011-08-05,0.57313
2011-08-08,0.57313
2011-08-09,0.57438
2011-08-10,0.57438
2011-08-11,0.57563
2011-08-12,0.57563
2011-08-15,0.57688
2011-08-16,0.57938
2011-08-17,0.57938
2011-08-18,0.57938
2011-08-19,0.57938
2011-08-22,0.58
2011-08-23,0.58
2011-08-24,0.58
2011-08-25,0.58
2011-08-26,0.58
2011-08-29,.
2011-08-30,0.58
2011-08-31,0.58438
2011-09-01,0.58063
2011-09-02,0.58063
2011-09-05,0.58438
2011-09-06,0.58063
2011-09-07,0.58063
2011-09-08,0.58188
2011-09-09,0.58063
2011-09-12,0.58063
2011-09-13,0.58063
2011-09-14,0.58063
2011-09-15,0.58063
2011-09-16,0.58313
2011-09-19,0.58313
2011-09-20,0.58313
2011-09-21,0.58313
2011-09-22,0.58313
2011-09-23,0.58313
2011-09-26,0.58438
2011-09-27,0.58438
2011-09-28,0.58375
2011-09-29,0.58375
2011-09-30,0.62375
2011-10-03,0.58875
2011-10-04,0.58875
2011-10-05,0.5875
2011-10-06,0.585
2011-10-07,0.585
2011-10-10,0.58375
2011-10-11,0.5825
2011-10-12,0.5825
2011-10-13,0.58375
2011-10-14,0.58375
2011-10-17,0.58375
2011-10-18,0.58375
2011-10-19,0.58375
2011-10-20,0.58375
2011-10-21,0.5825
2011-10-24,0.5825
2011-10-25,0.5825
2011-10-26,0.5825
2011-10-27,0.5825
2011-10-28,0.5825
2011-10-31,0.5825
2011-11-01,0.5825
2011-11-02,0.5825
2011-11-03,0.5825
2011-11-04,0.5825
2011-11-07,0.5825
2011-11-08,0.5825
2011-11-09,0.5825
2011-11-10,0.5825
2011-11-11,0.5825
2011-11-14,0.5825
2011-11-15,0.5825
2011-11-16,0.5825
2011-11-17,0.5825
2011-11-18,0.5825
2011-11-21,0.585
2011-11-22,0.5825
2011-11-23,0.5825
2011-11-24,0.5825
2011-11-25,0.5825
2011-11-28,0.5825
2011-11-29,0.5825
2011-11-30,0.5825
2011-12-01,0.5825
2011-12-02,0.5825
2011-12-05,0.5825
2011-12-06,0.5825
2011-12-07,0.5825
2011-12-08,0.5825
2011-12-09,0.58
2011-12-12,0.58
2011-12-13,0.58
2011-12-14,0.58
2011-12-15,0.58
2011-12-16,0.58
2011-12-19,0.58
2011-12-20,0.58
2011-12-21,0.58
2011-12-22,0.58
2011-12-23,0.58
2011-12-26,.
2011-12-27,.
2011-12-28,0.58
2011-12-29,0.58
2011-12-30,0.58313
2012-01-02,.
2012-01-03,0.58
2012-01-04,0.58
2012-01-05,0.58
2012-01-06,0.58
2012-01-09,0.57875
2012-01-10,0.57625
2012-01-11,0.575
2012-01-12,0.575
2012-01-13,0.575
2012-01-16,0.575
2012-01-17,0.575
2012-01-18,0.575
2012-01-19,0.575
2012-01-20,0.575
2012-01-23,0.575
2012-01-24,0.575
2012-01-25,0.575
2012-01-26,0.57469
2012-01-27,0.57469
2012-01-30,0.57438
2012-01-31,0.57438
2012-02-01,0.57313
2012-02-02,0.57156
2012-02-03,0.57125
2012-02-06,0.5675
2012-02-07,0.565
2012-02-08,0.56375
2012-02-09,0.5625
2012-02-10,0.5625
2012-02-13,0.565
2012-02-14,0.5625
2012-02-15,0.5625
2012-02-16,0.56094
2012-02-17,0.56094
2012-02-20,0.55969
2012-02-21,0.55938
2012-02-22,0.55906
2012-02-23,0.55875
2012-02-24,0.55875
2012-02-27,0.55875
2012-02-28,0.55875
2012-02-29,0.55875
2012-03-01,0.55688
2012-03-02,0.55688
2012-03-05,0.55656
2012-03-06,0.55656
2012-03-07,0.55656
2012-03-08,0.55656
2012-03-09,0.55656
2012-03-12,0.55594
2012-03-13,0.55531
2012-03-14,0.555
2012-03-15,0.555
2012-03-16,0.555
2012-03-19,0.555
2012-03-20,0.555
2012-03-21,0.555
2012-03-22,0.555
2012-03-23,0.555
2012-03-26,0.555
2012-03-27,0.555
2012-03-28,0.555
2012-03-29,0.555
2012-03-30,0.55688
2012-04-02,0.55375
2012-04-03,0.55313
2012-04-04,0.55313
2012-04-05,0.55313
2012-04-06,.
2012-04-09,.
2012-04-10,0.55313
2012-04-11,0.55313
2012-04-12,0.55313
2012-04-13,0.55313
2012-04-16,0.55313
2012-04-17,0.55313
2012-04-18,0.5525
2012-04-19,0.5525
2012-04-20,0.5525
2012-04-23,0.5525
2012-04-24,0.5525
2012-04-25,0.5525
2012-04-26,0.5525
2012-04-27,0.5525
2012-04-30,0.555
2012-05-01,0.5525
2012-05-02,0.5525
2012-05-03,0.5525
2012-05-04,0.55188
2012-05-07,.
2012-05-08,0.55188
2012-05-09,0.55188
2012-05-10,0.55188
2012-05-11,0.55188
2012-05-14,0.55188
2012-05-15,0.55188
2012-05-16,0.55188
2012-05-17,0.55188
2012-05-18,0.55188
2012-05-21,0.55188
2012-05-22,0.55063
2012-05-23,0.55063
2012-05-24,0.55063
2012-05-25,0.55063
2012-05-28,0.55063
2012-05-29,0.55063
2012-05-30,0.55063
2012-05-31,0.55313
2012-06-01,0.55063
2012-06-04,.
2012-06-05,.
2012-06-06,0.55063
2012-06-07,0.55063
2012-06-08,0.55063
2012-06-11,0.54938
2012-06-12,0.54938
2012-06-13,0.55
2012-06-14,0.55
2012-06-15,0.54813
2012-06-18,0.54375
2012-06-19,0.54438
2012-06-20,0.54438
2012-06-21,0.54438
2012-06-22,0.54438
2012-06-25,0.54438
2012-06-26,0.54438
2012-06-27,0.54438
2012-06-28,0.54438
2012-06-29,0.54563
2012-07-02,0.54438
2012-07-03,0.54438
2012-07-04,0.5425
2012-07-05,0.5425
2012-07-06,0.5375
2012-07-09,0.5375
2012-07-10,0.53688
2012-07-11,0.53125
2012-07-12,0.53125
2012-07-13,0.52875
2012-07-16,0.52813
2012-07-17,0.52688
2012-07-18,0.52688
2012-07-19,0.52688
2012-07-20,0.52563
2012-07-23,0.52563
2012-07-24,0.52438
2012-07-25,0.52313
2012-07-26,0.52313
2012-07-27,0.52313
2012-07-30,0.52125
2012-07-31,0.52125
2012-08-01,0.52125
2012-08-02,0.52125
2012-08-03,0.52125
2012-08-06,0.52063
2012-08-07,0.51938
2012-08-08,0.51563
2012-08-09,0.51563
2012-08-10,0.51438
2012-08-13,0.51438
2012-08-14,0.51188
2012-08-15,0.51063
2012-08-16,0.51063
2012-08-17,0.51188
2012-08-20,0.51063
2012-08-21,0.51063
2012-08-22,0.51063
2012-08-23,0.51063
2012-08-24,0.51063
2012-08-27,.
2012-08-28,0.50938
2012-08-29,0.50938
2012-08-30,0.50938
2012-08-31,0.51
2012-09-03,0.51
2012-09-04,0.5075
2012-09-05,0.5075
2012-09-06,0.5075
2012-09-07,0.5075
2012-09-10,0.50625
2012-09-11,0.50625
2012-09-12,0.50625
2012-09-13,0.50438
2012-09-14,0.50375
2012-09-17,0.50375
2012-09-18,0.50313
2012-09-19,0.50313
2012-09-20,0.50313
2012-09-21,0.49938
2012-09-24,0.49938
2012-09-25,0.49813
2012-09-26,0.49688
2012-09-27,0.49688
2012-09-28,0.49563
2012-10-01,0.49313
2012-10-02,0.48938
2012-10-03,0.48813
2012-10-04,0.48563
2012-10-05,0.48438
2012-10-08,0.48438
2012-10-09,0.48313
2012-10-10,0.48313
2012-10-11,0.48563
2012-10-12,0.48563
2012-10-15,0.48563
2012-10-16,0.48563
2012-10-17,0.48563
2012-10-18,0.48563
2012-10-19,0.48625
2012-10-22,0.48625
2012-10-23,0.48625
2012-10-24,0.48625
2012-10-25,0.48625
2012-10-26,0.485
2012-10-29,0.485
2012-10-30,0.485
2012-10-31,0.485
2012-11-01,0.485
2012-11-02,0.48375
2012-11-05,0.48375
2012-11-06,0.48375
2012-11-07,0.48375
2012-11-08,0.48375
2012-11-09,0.48375
2012-11-12,0.48375
2012-11-13,0.48125
2012-11-14,0.48125
2012-11-15,0.48
2012-11-16,0.48
2012-11-19,0.48
2012-11-20,0.48
2012-11-21,0.48
2012-11-22,0.48
2012-11-23,0.48
2012-11-26,0.48
2012-11-27,0.48
2012-11-28,0.48
2012-11-29,0.48
2012-11-30,0.48
2012-12-03,0.48
2012-12-04,0.48
2012-12-05,0.48
2012-12-06,0.48
2012-12-07,0.48
2012-12-10,0.48
2012-12-11,0.48
2012-12-12,0.48
2012-12-13,0.48
2012-12-14,0.48
2012-12-17,0.48
2012-12-18,0.48
2012-12-19,0.48
2012-12-20,0.48
2012-12-21,0.48
2012-12-24,0.48
2012-12-25,.
2012-12-26,.
2012-12-27,0.48
2012-12-28,0.48
2012-12-31,0.4725
2013-01-01,.
2013-01-02,0.48
2013-01-03,0.48
2013-01-04,0.48
2013-01-07,0.48
2013-01-08,0.48
2013-01-09,0.48
2013-01-10,0.48
2013-01-11,0.48
2013-01-14,0.47875
2013-01-15,0.47875
2013-01-16,0.47875
2013-01-17,0.47875
2013-01-18,0.47625
2013-01-21,0.47625
2013-01-22,0.47625
2013-01-23,0.47625
2013-01-24,0.47625
2013-01-25,0.47625
2013-01-28,0.47375
2013-01-29,0.47375
2013-01-30,0.47375
2013-01-31,0.47375
2013-02-01,0.47375
2013-02-04,0.47375
2013-02-05,0.47375
2013-02-06,0.47375
2013-02-07,0.47625
2013-02-08,0.4775
2013-02-11,0.4775
2013-02-12,0.4775
2013-02-13,0.47875
2013-02-14,0.48125
2013-02-15,0.48125
2013-02-18,0.48125
2013-02-19,0.48
2013-02-20,0.48
2013-02-21,0.48125
2013-02-22,0.48125
2013-02-25,0.48125
2013-02-26,0.48125
2013-02-27,0.48125
2013-02-28,0.48125
2013-03-01,0.48125
2013-03-04,0.48125
2013-03-05,0.48125
2013-03-06,0.48125
2013-03-07,0.48125
2013-03-08,0.48125
2013-03-11,0.48125
2013-03-12,0.48125
2013-03-13,0.48125
2013-03-14,0.4825
2013-03-15,0.485
2013-03-18,0.485
2013-03-19,0.485
2013-03-20,0.485
2013-03-21,0.4825
2013-03-22,0.4825
2013-03-25,0.4825
2013-03-26,0.48625
2013-03-27,0.485
2013-03-28,0.48625
2013-03-29,.
2013-04-01,.
2013-04-02,0.48375
2013-04-03,0.4825
2013-04-04,0.48375
2013-04-05,0.4825
2013-04-08,0.4825
2013-04-09,0.4825
2013-04-10,0.4825
2013-04-11,0.4825
2013-04-12,0.48375
2013-04-15,0.48375
2013-04-16,0.48375
2013-04-17,0.48375
2013-04-18,0.48375
2013-04-19,0.48375
2013-04-22,0.48375
2013-04-23,0.48375
2013-04-24,0.4825
2013-04-25,0.4825
2013-04-26,0.4825
2013-04-29,0.4825
2013-04-30,0.48
2013-05-01,0.48063
2013-05-02,0.48063
2013-05-03,0.48063
2013-05-06,.
2013-05-07,0.48063
2013-05-08,0.48063
2013-05-09,0.4825
2013-05-10,0.4825
2013-05-13,0.4825
2013-05-14,0.4825
2013-05-15,0.4825
2013-05-16,0.4825
2013-05-17,0.4825
2013-05-20,0.4825
2013-05-21,0.4825
2013-05-22,0.48188
2013-05-23,0.48188
2013-05-24,0.48188
2013-05-27,.
2013-05-28,0.48188
2013-05-29,0.47875
2013-05-30,0.47875
2013-05-31,0.47813
2013-06-03,0.48
2013-06-04,0.48
2013-06-05,0.48
2013-06-06,0.48
2013-06-07,0.48
2013-06-10,0.47938
2013-06-11,0.47938
2013-06-12,0.47938
2013-06-13,0.47938
2013-06-14,0.47938
2013-06-17,0.47938
2013-06-18,0.47938
2013-06-19,0.47938
2013-06-20,0.47938
2013-06-21,0.47938
2013-06-24,0.47938
2013-06-25,0.47938
2013-06-26,0.47938
2013-06-27,0.47938
2013-06-28,0.47688
2013-07-01,0.47938
2013-07-02,0.47938
2013-07-03,0.47938
2013-07-04,0.47938
2013-07-05,0.47813
2013-07-08,0.47813
2013-07-09,0.47813
2013-07-10,0.47813
2013-07-11,0.47813
2013-07-12,0.47813
2013-07-15,0.47813
2013-07-16,0.47813
2013-07-17,0.47813
2013-07-18,0.47813
2013-07-19,0.47813
2013-07-22,0.47813
2013-07-23,0.47813
2013-07-24,0.47813
2013-07-25,0.47813
2013-07-26,0.47813
2013-07-29,0.4775
2013-07-30,0.4775
2013-07-31,0.47813
2013-08-01,0.47875
2013-08-02,0.47875
2013-08-05,0.47875
2013-08-06,0.48
2013-08-07,0.47875
2013-08-08,0.47875
2013-08-09,0.47813
2013-08-12,0.47813
2013-08-13,0.47813
2013-08-14,0.47813
2013-08-15,0.47813
2013-08-16,0.47813
2013-08-19,0.47813
2013-08-20,0.47813
2013-08-21,0.47813
2013-08-22,0.47813
2013-08-23,0.47813
2013-08-26,.
2013-08-27,0.47813
2013-08-28,0.47813
2013-08-29,0.47813
2013-08-30,0.4775
2013-09-02,0.47813
2013-09-03,0.47813
2013-09-04,0.47875
2013-09-05,0.47875
2013-09-06,0.47875
2013-09-09,0.47813
2013-09-10,0.47813
2013-09-11,0.47875
2013-09-12,0.47875
2013-09-13,0.47875
2013-09-16,0.47875
2013-09-17,0.47875
2013-09-18,0.47875
2013-09-19,0.47875
2013-09-20,0.47875
2013-09-23,0.4775
2013-09-24,0.47875
2013-09-25,0.475
2013-09-26,0.47375
2013-09-27,0.47375
2013-09-30,0.47313
2013-10-01,0.47063
2013-10-02,0.47125
2013-10-03,0.47125
2013-10-04,0.47125
2013-10-07,0.47125
2013-10-08,0.47125
2013-10-09,0.47
2013-10-10,0.47
2013-10-11,0.46938
2013-10-14,0.47125
2013-10-15,0.46875
2013-10-16,0.46875
2013-10-17,0.46875
2013-10-18,0.46875
2013-10-21,0.46938
2013-10-22,0.47
2013-10-23,0.47
2013-10-24,0.47
2013-10-25,0.46938
2013-10-28,0.46938
2013-10-29,0.46875
2013-10-30,0.46875
2013-10-31,0.46875
2013-11-01,0.46875
2013-11-04,0.46875
2013-11-05,0.46875
2013-11-06,0.46875
2013-11-07,0.46875
2013-11-08,0.4675
2013-11-11,0.4675
2013-11-12,0.4675
2013-11-13,0.4675
2013-11-14,0.46813
2013-11-15,0.4675
2013-11-18,0.46813
2013-11-19,0.46813
2013-11-20,0.4675
2013-11-21,0.4675
2013-11-22,0.4675
2013-11-25,0.4675
2013-11-26,0.4675
2013-11-27,0.4675
2013-11-28,0.4675
2013-11-29,0.46875
2013-12-02,0.4675
2013-12-03,0.4675
2013-12-04,0.4675
2013-12-05,0.4675
2013-12-06,0.4675
2013-12-09,0.4675
2013-12-10,0.4675
2013-12-11,0.46813
2013-12-12,0.4675
2013-12-13,0.46688
2013-12-16,0.46688
2013-12-17,0.46688
2013-12-18,0.46563
2013-12-19,0.46625
2013-12-20,0.46563
2013-12-23,0.46625
2013-12-24,0.46625
2013-12-25,.
2013-12-26,.
2013-12-27,0.465
2013-12-30,0.465
2013-12-31,0.3825
2014-01-01,.
2014-01-02,0.46438
2014-01-03,0.46438
2014-01-06,0.46313
2014-01-07,0.4625
2014-01-08,0.4625
2014-01-09,0.4625
2014-01-10,0.4625
2014-01-13,0.4625
2014-01-14,0.465
2014-01-15,0.46375
2014-01-16,0.465
2014-01-17,0.46375
2014-01-20,0.465
2014-01-21,0.465
2014-01-22,0.465
2014-01-23,0.465
2014-01-24,0.465
2014-01-27,0.4675
2014-01-28,0.46625
2014-01-29,0.4675
2014-01-30,0.4675
2014-01-31,0.465
2014-02-03,0.46563
2014-02-04,0.46563
2014-02-05,0.465
2014-02-06,0.46563
2014-02-07,0.46563
2014-02-10,0.465
2014-02-11,0.465
2014-02-12,0.465
2014-02-13,0.46375
2014-02-14,0.4625
2014-02-17,0.4625
2014-02-18,0.4625
2014-02-19,0.4625
2014-02-20,0.4625
2014-02-21,0.46313
2014-02-24,0.46313
2014-02-25,0.46375
2014-02-26,0.46313
2014-02-27,0.46313
2014-02-28,0.46
2014-03-03,0.46125
2014-03-04,0.4625
2014-03-05,0.46375
2014-03-06,0.46375
2014-03-07,0.465
2014-03-10,0.4725
2014-03-11,0.4675
2014-03-12,0.465
2014-03-13,0.46375
2014-03-14,0.4625
2014-03-17,0.46125
2014-03-18,0.465
2014-03-19,0.47
2014-03-20,0.4675
2014-03-21,0.46625
2014-03-24,0.465
2014-03-25,0.465
2014-03-26,0.465
2014-03-27,0.46625
2014-03-28,0.465
2014-03-31,0.44625
2014-04-01,0.465
2014-04-02,0.4625
2014-04-03,0.46125
2014-04-04,0.46125
2014-04-07,0.46375
2014-04-08,0.46375
2014-04-09,0.46375
2014-04-10,0.46375
2014-04-11,0.46375
2014-04-14,0.4625
2014-04-15,0.4625
2014-04-16,0.46375
2014-04-17,0.4625
2014-04-18,.
2014-04-21,.
2014-04-22,0.46375
2014-04-23,0.4625
2014-04-24,0.46375
2014-04-25,0.46125
2014-04-28,0.4625
2014-04-29,0.46375
2014-04-30,0.46125
2014-05-01,0.46375
2014-05-02,0.46375
2014-05-05,.
2014-05-06,0.46375
2014-05-07,0.46375
2014-05-08,0.46375
2014-05-09,0.46375
2014-05-12,0.465
2014-05-13,0.465
2014-05-14,0.465
2014-05-15,0.465
2014-05-16,0.46375
2014-05-19,0.465
2014-05-20,0.465
2014-05-21,0.46375
2014-05-22,0.4625
2014-05-23,0.4625
2014-05-26,.
2014-05-27,0.46125
2014-05-28,0.4625
2014-05-29,0.4625
2014-05-30,0.46
2014-06-02,0.46625
2014-06-03,0.4675
2014-06-04,0.46625
2014-06-05,0.46875
2014-06-06,0.46875
2014-06-09,0.46875
2014-06-10,0.46813
2014-06-11,0.47063
2014-06-12,0.46875
2014-06-13,0.4725
2014-06-16,0.47
2014-06-17,0.47
2014-06-18,0.46875
2014-06-19,0.46875
2014-06-20,0.46938
2014-06-23,0.47188
2014-06-24,0.46938
2014-06-25,0.47
2014-06-26,0.47
2014-06-27,0.47
2014-06-30,0.46625
2014-07-01,0.46875
2014-07-02,0.4725
2014-07-03,0.47313
2014-07-04,0.47563
2014-07-07,0.47313
2014-07-08,0.46938
2014-07-09,0.46938
2014-07-10,0.47063
2014-07-11,0.47125
2014-07-14,0.47
2014-07-15,0.47125
2014-07-16,0.47563
2014-07-17,0.475
2014-07-18,0.47625
2014-07-21,0.4725
2014-07-22,0.46875
2014-07-23,0.46875
2014-07-24,0.46875
2014-07-25,0.46875
2014-07-28,0.46875
2014-07-29,0.46875
2014-07-30,0.47375
2014-07-31,0.475
2014-08-01,0.47375
2014-08-04,0.475
2014-08-05,0.47
2014-08-06,0.46875
2014-08-07,0.46875
2014-08-08,0.47063
2014-08-11,0.47063
2014-08-12,0.47063
2014-08-13,0.47
2014-08-14,0.47
2014-08-15,0.47
2014-08-18,0.47
2014-08-19,0.47
2014-08-20,0.47063
2014-08-21,0.47
2014-08-22,0.4675
2014-08-25,.
2014-08-26,0.47
2014-08-27,0.4675
2014-08-28,0.46625
2014-08-29,0.47063
2014-09-01,0.47
2014-09-02,0.47375
2014-09-03,0.4725
2014-09-04,0.47125
2014-09-05,0.47563
2014-09-08,0.47188
2014-09-09,0.475
2014-09-10,0.475
2014-09-11,0.475
2014-09-12,0.475
2014-09-15,0.475
2014-09-16,0.475
2014-09-17,0.47563
2014-09-18,0.47625
2014-09-19,0.47625
2014-09-22,0.475
2014-09-23,0.4775
2014-09-24,0.47563
2014-09-25,0.47688
2014-09-26,0.47563
2014-09-29,0.47563
2014-09-30,0.4725
2014-10-01,0.47688
2014-10-02,0.47563
2014-10-03,0.47563
2014-10-06,0.47563
2014-10-07,0.47563
2014-10-08,0.47438
2014-10-09,0.47438
2014-10-10,0.47438
2014-10-13,0.47438
2014-10-14,0.47438
2014-10-15,0.47438
2014-10-16,0.47438
2014-10-17,0.47438
2014-10-20,0.47688
2014-10-21,0.46938
2014-10-22,0.47063
2014-10-23,0.47063
2014-10-24,0.46938
2014-10-27,0.46938
2014-10-28,0.46938
2014-10-29,0.46938
2014-10-30,0.46938
2014-10-31,0.46625
2014-11-03,0.46813
2014-11-04,0.46813
2014-11-05,0.4675
2014-11-06,0.46813
2014-11-07,0.46813
2014-11-10,0.46938
2014-11-11,0.46875
2014-11-12,0.46813
2014-11-13,0.46938
2014-11-14,0.46813
2014-11-17,0.46938
2014-11-18,0.46813
2014-11-19,0.46688
2014-11-20,0.46688
2014-11-21,0.46813
2014-11-24,0.46688
2014-11-25,0.46938
2014-11-26,0.46938
2014-11-27,0.46813
2014-11-28,0.46938
2014-12-01,0.46813
2014-12-02,0.46938
2014-12-03,0.46813
2014-12-04,0.46688
2014-12-05,0.46688
2014-12-08,0.46688
2014-12-09,0.46688
2014-12-10,0.46813
2014-12-11,0.46688
2014-12-12,0.46688
2014-12-15,0.46688
2014-12-16,0.46688
2014-12-17,0.46688
2014-12-18,0.46688
2014-12-19,0.46688
2014-12-22,0.46688
2014-12-23,0.46688
2014-12-24,0.46688
2014-12-25,.
2014-12-26,.
2014-12-29,0.46688
2014-12-30,0.46688
2014-12-31,0.45313
2015-01-01,.
2015-01-02,0.46688
2015-01-05,0.46688
2015-01-06,0.46688
2015-01-07,0.46688
2015-01-08,0.46688
2015-01-09,0.46938
2015-01-12,0.46938
2015-01-13,0.46938
2015-01-14,0.46938
2015-01-15,0.46938
2015-01-16,0.46938
2015-01-19,0.46938
2015-01-20,0.46938
2015-01-21,0.46938
2015-01-22,0.46938
2015-01-23,0.46938
2015-01-26,0.46938
2015-01-27,0.46938
2015-01-28,0.46938
2015-01-29,0.47
2015-01-30,0.47
2015-02-02,0.47
2015-02-03,0.47
2015-02-04,0.47063
2015-02-05,0.47063
2015-02-06,0.47188
2015-02-09,0.47188
2015-02-10,0.47188
2015-02-11,0.47313
2015-02-12,0.47313
2015-02-13,0.47438
2015-02-16,0.475
2015-02-17,0.47688
2015-02-18,0.48
2015-02-19,0.48063
2015-02-20,0.48125
2015-02-23,0.48
2015-02-24,0.48188
2015-02-25,0.47938
2015-02-26,0.47938
2015-02-27,0.47813
2015-03-02,0.47813
2015-03-03,0.47813
2015-03-04,0.47813
2015-03-05,0.47813
2015-03-06,0.47813
2015-03-09,0.47813
2015-03-10,0.47813
2015-03-11,0.47813
2015-03-12,0.47813
2015-03-13,0.47813
2015-03-16,0.47813
2015-03-17,0.47813
2015-03-18,0.47813
2015-03-19,0.47813
2015-03-20,0.47875
2015-03-23,0.47875
2015-03-24,0.4775
2015-03-25,0.47875
2015-03-26,0.48
2015-03-27,0.48
2015-03-30,0.48
2015-03-31,0.475
2015-04-01,0.47813
2015-04-02,0.47813
2015-04-03,.
2015-04-06,.
2015-04-07,0.48063
2015-04-08,0.48063
2015-04-09,0.48063
2015-04-10,0.48063
2015-04-13,0.48063
2015-04-14,0.48063
2015-04-15,0.48063
2015-04-16,0.48063
2015-04-17,0.48063
2015-04-20,0.48063
2015-04-21,0.48063
2015-04-22,0.48063
2015-04-23,0.48063
2015-04-24,0.48063
2015-04-27,0.48063
2015-04-28,0.48063
2015-04-29,0.48063
2015-04-30,0.47938
2015-05-01,0.48313
2015-05-04,.
2015-05-05,0.48125
2015-05-06,0.48125
2015-05-07,0.48125
2015-05-08,0.48125
2015-05-11,0.48125
2015-05-12,0.48125
2015-05-13,0.48125
2015-05-14,0.48125
2015-05-15,0.48125
2015-05-18,0.48125
2015-05-19,0.48125
2015-05-20,0.48125
2015-05-21,0.48125
2015-05-22,0.48125
2015-05-25,.
2015-05-26,0.48063
2015-05-27,0.48063
2015-05-28,0.48063
2015-05-29,0.48188
2015-06-01,0.48188
2015-06-02,0.48063
2015-06-03,0.48063
2015-06-04,0.48063
2015-06-05,0.48313
2015-06-08,0.48188
2015-06-09,0.48063
2015-06-10,0.48063
2015-06-11,0.48063
2015-06-12,0.48063
2015-06-15,0.48063
2015-06-16,0.48063
2015-06-17,0.48063
2015-06-18,0.48063
2015-06-19,0.48188
2015-06-22,0.48188
2015-06-23,0.48188
2015-06-24,0.48188
2015-06-25,0.48188
2015-06-26,0.48188
2015-06-29,0.48188
2015-06-30,0.48125
2015-07-01,0.48125
2015-07-02,0.4825
2015-07-03,0.4825
2015-07-06,0.4825
2015-07-07,0.4825
2015-07-08,0.4825
2015-07-09,0.48375
2015-07-10,0.4825
2015-07-13,0.4825
2015-07-14,0.4825
2015-07-15,0.4825
2015-07-16,0.4825
2015-07-17,0.4825
2015-07-20,0.4825
2015-07-21,0.4825
2015-07-22,0.4825
2015-07-23,0.4825
2015-07-24,0.4825
2015-07-27,0.4825
2015-07-28,0.4825
2015-07-29,0.4825
2015-07-30,0.4825
2015-07-31,0.4775
2015-08-03,0.48125
2015-08-04,0.48125
2015-08-05,0.48125
2015-08-06,0.48125
2015-08-07,0.48125
2015-08-10,0.48125
2015-08-11,0.48125
2015-08-12,0.48125
2015-08-13,0.48125
2015-08-14,0.48125
2015-08-17,0.48125
2015-08-18,0.4825
2015-08-19,0.48125
2015-08-20,0.48125
2015-08-21,0.48125
2015-08-24,0.48125
2015-08-25,0.48125
2015-08-26,0.48125
2015-08-27,0.4825
2015-08-28,0.48125
2015-08-31,.
2015-09-01,0.48125
2015-09-02,0.48125
2015-09-03,0.48125
2015-09-04,0.48
2015-09-07,0.48125
2015-09-08,0.48125
2015-09-09,0.48125
2015-09-10,0.48125
2015-09-11,0.48125
2015-09-14,0.4825
2015-09-15,0.48063
2015-09-16,0.48063
2015-09-17,0.48125
2015-09-18,0.48125
2015-09-21,0.48125
2015-09-22,0.48125
2015-09-23,0.48125
2015-09-24,0.48125
2015-09-25,0.48125
2015-09-28,0.48125
2015-09-29,0.48125
2015-09-30,0.46375
2015-10-01,0.48125
2015-10-02,0.48125
2015-10-05,0.48125
2015-10-06,0.48125
2015-10-07,0.48125
2015-10-08,0.4825
2015-10-09,0.4825
2015-10-12,0.4825
2015-10-13,0.48375
2015-10-14,0.4825
2015-10-15,0.4825
2015-10-16,0.4825
2015-10-19,0.4825
2015-10-20,0.4825
2015-10-21,0.4825
2015-10-22,0.4825
2015-10-23,0.4825
2015-10-26,0.4825
2015-10-27,0.4825
2015-10-28,0.4825
2015-10-29,0.4825
2015-10-30,0.4775
2015-11-02,0.4825
2015-11-03,0.4825
2015-11-04,0.4825
2015-11-05,0.4825
2015-11-06,0.4825
2015-11-09,0.4825
2015-11-10,0.4825
2015-11-11,0.4825
2015-11-12,0.4825
2015-11-13,0.48188
2015-11-16,0.48188
2015-11-17,0.48188
2015-11-18,0.48188
2015-11-19,0.48188
2015-11-20,0.48188
2015-11-23,0.48188
2015-11-24,0.48188
2015-11-25,0.48188
2015-11-26,0.48188
2015-11-27,0.48063
2015-11-30,0.47938
2015-12-01,0.48063
2015-12-02,0.48063
2015-12-03,0.48063
2015-12-04,0.48063
2015-12-07,0.48063
2015-12-08,0.48063
2015-12-09,0.48063
2015-12-10,0.48063
2015-12-11,0.48063
2015-12-14,0.48063
2015-12-15,0.48063
2015-12-16,0.48063
2015-12-17,0.48063
2015-12-18,0.48188
2015-12-21,0.48063
2015-12-22,0.48063
2015-12-23,0.48188
2015-12-24,0.48188
2015-12-25,.
2015-12-28,.
2015-12-29,0.48188
2015-12-30,0.48188
2015-12-31,0.44563
2016-01-01,.
2016-01-04,0.47813
2016-01-05,0.4775
2016-01-06,0.4775
2016-01-07,0.4775
2016-01-08,0.4775
2016-01-11,0.4775
2016-01-12,0.4775
2016-01-13,0.47813
2016-01-14,0.47875
2016-01-15,0.48
2016-01-18,0.48125
2016-01-19,0.48125
2016-01-20,0.48063
2016-01-21,0.48063
2016-01-22,0.48125
2016-01-25,0.48063
2016-01-26,0.48063
2016-01-27,0.48063
2016-01-28,0.48063
2016-01-29,0.47813
2016-02-01,0.48125
2016-02-02,0.48125
2016-02-03,0.48125
2016-02-04,0.48125
2016-02-05,0.48125
2016-02-08,0.48125
2016-02-09,0.48125
2016-02-10,0.48125
2016-02-11,0.48125
2016-02-12,0.48125
2016-02-15,0.48125
2016-02-16,0.48125
2016-02-17,0.485
2016-02-18,0.48125
2016-02-19,0.48125
2016-02-22,0.48125
2016-02-23,0.48125
2016-02-24,0.48125
2016-02-25,0.48125
2016-02-26,0.48125
2016-02-29,0.4775
2016-03-01,0.48125
2016-03-02,0.48125
2016-03-03,0.48125
2016-03-04,0.48125
2016-03-07,0.48125
2016-03-08,0.48125
2016-03-09,0.48125
2016-03-10,0.48125
2016-03-11,0.48125
2016-03-14,0.48
2016-03-15,0.48
2016-03-16,0.48
2016-03-17,0.48
2016-03-18,0.48
2016-03-21,0.48
2016-03-22,0.48
2016-03-23,0.48
2016-03-24,0.48
2016-03-25,.
2016-03-28,.
2016-03-29,0.4825
2016-03-30,0.4825
2016-03-31,0.47813
2016-04-01,0.4825
2016-04-04,0.4825
2016-04-05,0.4825
2016-04-06,0.48313
2016-04-07,0.48313
2016-04-08,0.48313
2016-04-11,0.48313
2016-04-12,0.48313
2016-04-13,0.48313
2016-04-14,0.48313
2016-04-15,0.48313
2016-04-18,0.48313
2016-04-19,0.48313
2016-04-20,0.48313
2016-04-21,0.48313
2016-04-22,0.48313
2016-04-25,0.48313
2016-04-26,0.48313
2016-04-27,0.48313
2016-04-28,0.48313
2016-04-29,0.48063
2016-05-02,.
2016-05-03,0.48313
2016-05-04,0.48313
2016-05-05,0.48313
2016-05-06,0.4825
2016-05-09,0.48375
2016-05-10,0.48375
2016-05-11,0.48375
2016-05-12,0.48375
2016-05-13,0.48375
2016-05-16,0.48375
2016-05-17,0.48375
2016-05-18,0.48375
2016-05-19,0.48375
2016-05-20,0.48375
2016-05-23,0.48375
2016-05-24,0.48375
2016-05-25,0.48375
2016-05-26,0.48375
2016-05-27,0.48375
2016-05-30,.
2016-05-31,0.47875
2016-06-01,0.48313
2016-06-02,0.48313
2016-06-03,0.48188
2016-06-06,0.48188
2016-06-07,0.48188
2016-06-08,0.48188
2016-06-09,0.48188
2016-06-10,0.48125
2016-06-13,0.48125
2016-06-14,0.48125
2016-06-15,0.48125
2016-06-16,0.48125
2016-06-17,0.48125
2016-06-20,0.4825
2016-06-21,0.4825
2016-06-22,0.4825
2016-06-23,0.48375
2016-06-24,0.48
2016-06-27,0.47875
2016-06-28,0.47875
2016-06-29,0.47875
2016-06-30,0.4775
2016-07-01,0.47875
2016-07-04,0.47875
2016-07-05,0.47875
2016-07-06,0.47875
2016-07-07,0.47875
2016-07-08,0.47875
2016-07-11,0.47875
2016-07-12,0.47875
2016-07-13,0.47875
2016-07-14,0.44313
2016-07-15,0.47875
2016-07-18,0.48
2016-07-19,0.48
2016-07-20,0.48
2016-07-21,0.48
2016-07-22,0.47875
2016-07-25,0.47875
2016-07-26,0.47875
2016-07-27,0.47875
2016-07-28,0.4775
2016-07-29,0.47438
2016-08-01,0.47563
2016-08-02,0.47563
2016-08-03,0.47563
2016-08-04,0.38688
2016-08-05,0.24125
2016-08-08,0.23188
2016-08-09,0.22938
2016-08-10,0.22938
2016-08-11,0.22938
2016-08-12,0.22938
2016-08-15,0.22938
2016-08-16,0.22938
2016-08-17,0.22938
2016-08-18,0.22938
2016-08-19,0.22938
2016-08-22,0.22938
2016-08-23,0.22938
2016-08-24,0.22938
2016-08-25,0.22938
2016-08-26,0.22813
2016-08-29,.
2016-08-30,0.22938
2016-08-31,0.22563
2016-09-01,0.22813
2016-09-02,0.22813
2016-09-05,0.22813
2016-09-06,0.22813
2016-09-07,0.22813
2016-09-08,0.22813
2016-09-09,0.22813
2016-09-12,0.22888
2016-09-13,0.22813
2016-09-14,0.22813
2016-09-15,0.22813
2016-09-16,0.22875
2016-09-19,0.22875
2016-09-20,0.22875
2016-09-21,0.22875
2016-09-22,0.22875
2016-09-23,0.22875
2016-09-26,0.2275
2016-09-27,0.2275
2016-09-28,0.22429
2016-09-29,0.2275
2016-09-30,0.22375
2016-10-03,0.2275
2016-10-04,0.2275
2016-10-05,0.22813
2016-10-06,0.22938
2016-10-07,0.22688
2016-10-10,0.22938
2016-10-11,0.22938
2016-10-12,0.23063
2016-10-13,0.23063
2016-10-14,0.22938
2016-10-17,0.22938
2016-10-18,0.22938
2016-10-19,0.22813
2016-10-20,0.22813
2016-10-21,0.22938
2016-10-24,0.22938
2016-10-25,0.23063
2016-10-26,0.22938
2016-10-27,0.22813
2016-10-28,0.22813
2016-10-31,0.225
2016-11-01,0.2275
2016-11-02,0.22875
2016-11-03,0.22875
2016-11-04,0.2275
2016-11-07,0.22875
2016-11-08,0.22875
2016-11-09,0.22875
2016-11-10,0.22875
2016-11-11,0.22875
2016-11-14,0.2275
2016-11-15,0.22875
2016-11-16,0.22875
2016-11-17,0.2275
2016-11-18,0.22875
2016-11-21,0.22875
2016-11-22,0.2275
2016-11-23,0.22875
2016-11-24,0.22875
2016-11-25,0.22875
2016-11-28,0.2275
2016-11-29,0.2275
2016-11-30,0.225
2016-12-01,0.22625
2016-12-02,0.225
2016-12-05,0.22625
2016-12-06,0.22625
2016-12-07,0.22625
2016-12-08,0.22625
2016-12-09,0.22625
2016-12-12,0.225
2016-12-13,0.2275
2016-12-14,0.22625
2016-12-15,0.225
2016-12-16,0.2275
2016-12-19,0.2275
2016-12-20,0.22625
2016-12-21,0.2275
2016-12-22,0.2275
2016-12-23,0.225
2016-12-26,.
2016-12-27,.
2016-12-28,0.225
2016-12-29,0.225
2016-12-30,0.21875
2017-01-02,.
2017-01-03,0.225
2017-01-04,0.225
2017-01-05,0.225
2017-01-06,0.22625
2017-01-09,0.22625
2017-01-10,0.22625
2017-01-11,0.225
2017-01-12,0.22625
2017-01-13,0.22625
2017-01-16,0.2275
2017-01-17,0.22625
2017-01-18,0.22625
2017-01-19,0.22625
2017-01-20,0.22625
2017-01-23,0.22625
2017-01-24,0.22625
2017-01-25,0.2275
2017-01-26,0.2275
2017-01-27,0.2275
2017-01-30,0.22625
2017-01-31,0.22625
2017-02-01,0.225
2017-02-02,0.225
2017-02-03,0.22375
2017-02-06,0.22375
2017-02-07,0.22375
2017-02-08,0.22375
2017-02-09,0.22375
2017-02-10,0.22375
2017-02-13,0.22375
2017-02-14,0.22375
2017-02-15,0.22375
2017-02-16,0.22375
2017-02-17,0.22375
2017-02-20,0.22375
2017-02-21,0.22375
2017-02-22,0.22375
2017-02-23,0.22375
2017-02-24,0.22375
2017-02-27,0.225
2017-02-28,0.22375
2017-03-01,0.22375
2017-03-02,0.225
2017-03-03,0.22375
2017-03-06,0.225
2017-03-07,0.22375
2017-03-08,0.225
2017-03-09,0.22375
2017-03-10,0.225
2017-03-13,0.225
2017-03-14,0.225
2017-03-15,0.225
2017-03-16,0.225
2017-03-17,0.225
2017-03-20,0.225
2017-03-21,0.225
2017-03-22,0.225
2017-03-23,0.225
2017-03-24,0.225
2017-03-27,0.225
2017-03-28,0.22375
2017-03-29,0.22375
2017-03-30,0.22375
2017-03-31,0.221
2017-04-03,0.22438
2017-04-04,0.22438
2017-04-05,0.22438
2017-04-06,0.22438
2017-04-07,0.22563
2017-04-10,0.22438
2017-04-11,0.22438
2017-04-12,0.22563
2017-04-13,0.22375
2017-04-14,.
2017-04-17,.
2017-04-18,0.225
2017-04-19,0.225
2017-04-20,0.22375
2017-04-21,0.22375
2017-04-24,0.22375
2017-04-25,0.22375
2017-04-26,0.22375
2017-04-27,0.22375
2017-04-28,0.2225
2017-05-01,.
2017-05-02,0.22375
2017-05-03,0.22375
2017-05-04,0.22125
2017-05-05,0.22125
2017-05-08,0.225
2017-05-09,0.22375
2017-05-10,0.225
2017-05-11,0.22375
2017-05-12,0.22375
2017-05-15,0.22375
2017-05-16,0.22375
2017-05-17,0.22375
2017-05-18,0.22375
2017-05-19,0.225
2017-05-22,0.22375
2017-05-23,0.22375
2017-05-24,0.22375
2017-05-25,0.22375
2017-05-26,0.22375
2017-05-29,.
2017-05-30,0.22375
2017-05-31,0.2225
2017-06-01,0.22375
2017-06-02,0.22375
2017-06-05,0.22375
2017-06-06,0.22375
2017-06-07,0.22375
2017-06-08,0.22375
2017-06-09,0.22
2017-06-12,0.22125
2017-06-13,0.22
2017-06-14,0.22
2017-06-15,0.22125
2017-06-16,0.22125
2017-06-19,0.22
2017-06-20,0.22375
2017-06-21,0.2225
2017-06-22,0.22375
2017-06-23,0.2225
2017-06-26,0.2225
2017-06-27,0.22375
2017-06-28,0.22375
2017-06-29,0.22375
2017-06-30,0.21488
2017-07-03,0.21875
2017-07-04,0.22125
2017-07-05,0.21875
2017-07-06,0.22
2017-07-07,0.21875
2017-07-10,0.22
2017-07-11,0.22
2017-07-12,0.22125
2017-07-13,0.22
2017-07-14,0.22
2017-07-17,0.22125
2017-07-18,0.22
2017-07-19,0.22
2017-07-20,0.22
2017-07-21,0.2225
2017-07-24,0.2225
2017-07-25,0.22125
2017-07-26,0.22125
2017-07-27,0.2225
2017-07-28,0.22375
2017-07-31,0.22188
2017-08-01,0.22188
2017-08-02,0.22375
2017-08-03,0.22375
2017-08-04,0.2225
2017-08-07,0.22375
2017-08-08,0.22375
2017-08-09,0.22375
2017-08-10,0.2225
2017-08-11,0.2225
2017-08-14,0.2225
2017-08-15,0.22375
2017-08-16,0.22375
2017-08-17,0.2225
2017-08-18,0.22125
2017-08-21,0.2225
2017-08-22,0.2225
2017-08-23,0.2225
2017-08-24,0.2225
2017-08-25,0.22375
2017-08-28,.
2017-08-29,0.2225
2017-08-30,0.22375
2017-08-31,0.2225
2017-09-01,0.2225
2017-09-04,0.2225
2017-09-05,0.2225
2017-09-06,0.2225
2017-09-07,0.2225
2017-09-08,0.22375
2017-09-11,0.22375
2017-09-12,0.2225
2017-09-13,0.22375
2017-09-14,0.22375
2017-09-15,0.225
2017-09-18,0.225
2017-09-19,0.22625
2017-09-20,0.225
2017-09-21,0.225
2017-09-22,0.2225
2017-09-25,0.22125
2017-09-26,0.22125
2017-09-27,0.22
2017-09-28,0.22125
2017-09-29,0.22375
2017-10-02,0.22
2017-10-03,0.2225
2017-10-04,0.22125
2017-10-05,0.22125
2017-10-06,0.2225
2017-10-09,0.22125
2017-10-10,0.2225
2017-10-11,0.2225
2017-10-12,0.2225
2017-10-13,0.2225
2017-10-16,0.22138
2017-10-17,0.22276
2017-10-18,0.22433
2017-10-19,0.2232
2017-10-20,0.22586
2017-10-23,0.22711
2017-10-24,0.22699
2017-10-25,0.22693
2017-10-26,0.22594
2017-10-27,0.2246
2017-10-30,0.22574
2017-10-31,0.22485
2017-11-01,0.22405
2017-11-02,0.34994
2017-11-03,0.47
2017-11-06,0.47195
2017-11-07,0.47346
2017-11-08,0.4719
2017-11-09,0.472
2017-11-10,0.47195
2017-11-13,0.47313
2017-11-14,0.47238
2017-11-15,0.47215
2017-11-16,0.472
2017-11-17,0.47188
2017-11-20,0.47208
2017-11-21,0.47189
2017-11-22,0.47181
2017-11-23,0.47188
2017-11-24,0.4719
2017-11-27,0.47204
2017-11-28,0.47183
2017-11-29,0.47203
2017-11-30,0.47114
2017-12-01,0.47189
2017-12-04,0.47361
2017-12-05,0.47369
2017-12-06,0.47229
2017-12-07,0.47278
2017-12-08,0.47365
2017-12-11,0.47321
2017-12-12,0.47314
2017-12-13,0.47425
2017-12-14,0.47444
2017-12-15,0.4744
2017-12-18,0.47581
2017-12-19,0.47359
2017-12-20,0.47398
2017-12-21,0.4739
2017-12-22,0.47214
2017-12-25,.
2017-12-26,.
2017-12-27,0.47219
2017-12-28,0.47235
2017-12-29,0.46616
2018-01-01,.
2018-01-02,0.47241
2018-01-03,0.47241
2018-01-04,0.47266
2018-01-05,0.47486
2018-01-08,0.4737
2018-01-09,0.47379
2018-01-10,0.47373
2018-01-11,0.47398
2018-01-12,0.47408
2018-01-15,0.47564
2018-01-16,0.47511
2018-01-17,0.47345
2018-01-18,0.47233
2018-01-19,0.47363
2018-01-22,0.47506
2018-01-23,0.47376
2018-01-24,0.47363
2018-01-25,0.47239
2018-01-26,0.47236
2018-01-29,0.47255
2018-01-30,0.4723
2018-01-31,0.47248
2018-02-01,0.47299
2018-02-02,0.47259
2018-02-05,0.47254
2018-02-06,0.47238
2018-02-07,0.47246
2018-02-08,0.47361
2018-02-09,0.47244
2018-02-12,0.47256
2018-02-13,0.47251
2018-02-14,0.47259
2018-02-15,0.47403
2018-02-16,0.47266
2018-02-19,0.4726
2018-02-20,0.47239
2018-02-21,0.47259
2018-02-22,0.4725
2018-02-23,0.47385
2018-02-26,0.47424
2018-02-27,0.47388
2018-02-28,0.47534
2018-03-01,0.47354
2018-03-02,0.47396
2018-03-05,0.47408
2018-03-06,0.47393
2018-03-07,0.47398
2018-03-08,0.47649
2018-03-09,0.47645
2018-03-12,0.47623
2018-03-13,0.47526
2018-03-14,0.4751
2018-03-15,0.4751
2018-03-16,0.47413
2018-03-19,0.47394
2018-03-20,0.47505
2018-03-21,0.47634
2018-03-22,0.47798
2018-03-23,0.47631
2018-03-26,0.47689
2018-03-27,0.47671
2018-03-28,0.47654
2018-03-29,0.47386
2018-03-30,.
2018-04-02,.
2018-04-03,0.47133
2018-04-04,0.47404
2018-04-05,0.47369
2018-04-06,0.47405
2018-04-09,0.47421
2018-04-10,0.47403
2018-04-11,0.47421
2018-04-12,0.4763
2018-04-13,0.4751
2018-04-16,0.4766
2018-04-17,0.47538
2018-04-18,0.47544
2018-04-19,0.47551
2018-04-20,0.47528
2018-04-23,0.47528
2018-04-24,0.47381
2018-04-25,0.47391
2018-04-26,0.47395
2018-04-27,0.47531
2018-04-30,0.47405
2018-05-01,0.47354
2018-05-02,0.47466
2018-05-03,0.47364
2018-05-04,0.47504
2018-05-07,.
2018-05-08,0.47379
2018-05-09,0.47398
2018-05-10,0.47411
2018-05-11,0.47394
2018-05-14,0.47523
2018-05-15,0.47486
2018-05-16,0.47484
2018-05-17,0.47505
2018-05-18,0.47511
2018-05-21,0.4752
2018-05-22,0.47379
2018-05-23,0.47371
2018-05-24,0.47511
2018-05-25,0.47635
2018-05-28,.
2018-05-29,0.47636
2018-05-30,0.47641
2018-05-31,0.47494
2018-06-01,0.47474
2018-06-04,0.47275
2018-06-05,0.47248
2018-06-06,0.47376
2018-06-07,0.47369
2018-06-08,0.47259
2018-06-11,0.47388
2018-06-12,0.47238
2018-06-13,0.47225
2018-06-14,0.47213
2018-06-15,0.47238
2018-06-18,0.47225
2018-06-19,0.47238
2018-06-20,0.4735
2018-06-21,0.47463
2018-06-22,0.46863
2018-06-25,0.46838
2018-06-26,0.46863
2018-06-27,0.46713
2018-06-28,0.46713
2018-06-29,0.46738
2018-07-02,0.46275
2018-07-03,0.46288
2018-07-04,0.463
2018-07-05,0.463
2018-07-06,0.4645
2018-07-09,0.466
2018-07-10,0.46575
2018-07-11,0.46438
2018-07-12,0.46425
2018-07-13,0.46325
2018-07-16,0.45688
2018-07-17,0.4565
2018-07-18,0.45563
2018-07-19,0.455
2018-07-20,0.45638
2018-07-23,0.45588
2018-07-24,0.45475
2018-07-25,0.45463
2018-07-26,0.45463
2018-07-27,0.453
2018-07-30,0.45363
2018-07-31,0.45813
2018-08-01,0.45688
2018-08-02,0.55963
2018-08-03,0.70075
2018-08-06,0.69713
2018-08-07,0.69275
2018-08-08,0.6975
2018-08-09,0.702
2018-08-10,0.69713
2018-08-13,0.69738
2018-08-14,0.69888
2018-08-15,0.69713
2018-08-16,0.6975
2018-08-17,0.69775
2018-08-20,0.699
2018-08-21,0.69888
2018-08-22,0.698
2018-08-23,0.69838
2018-08-24,0.699
2018-08-27,.
2018-08-28,0.69788
2018-08-29,0.6995
2018-08-30,0.6985
2018-08-31,0.705
2018-09-03,0.70375
2018-09-04,0.69863
2018-09-05,0.69863
2018-09-06,0.70463
2018-09-07,0.69763
2018-09-10,0.69838
2018-09-11,0.69925
2018-09-12,0.69925
2018-09-13,0.70438
2018-09-14,0.69825
2018-09-17,0.6975
2018-09-18,0.6975
2018-09-19,0.69713
2018-09-20,0.70313
2018-09-21,0.69838
2018-09-24,0.69825
2018-09-25,0.69788
2018-09-26,0.69813
2018-09-27,0.6975
2018-09-28,0.70338
2018-10-01,0.7035
2018-10-02,0.699
2018-10-03,0.69438
2018-10-04,0.69275
2018-10-05,0.69175
2018-10-08,0.69013
2018-10-09,0.6915
2018-10-10,0.68775
2018-10-11,0.68425
2018-10-12,0.68463
2018-10-15,0.68425
2018-10-16,0.68363
2018-10-17,0.68375
2018-10-18,0.68425
2018-10-19,0.68438
2018-10-22,0.68363
2018-10-23,0.68363
2018-10-24,0.6845
2018-10-25,0.68488
2018-10-26,0.68425
2018-10-29,0.685
2018-10-30,0.68438
2018-10-31,0.69088
2018-11-01,0.69325
2018-11-02,0.68525
2018-11-05,0.68375
2018-11-06,0.68213
2018-11-07,0.68388
2018-11-08,0.684
2018-11-09,0.685
2018-11-12,0.68425
2018-11-13,0.683
2018-11-14,0.67738
2018-11-15,0.67563
2018-11-16,0.67863
2018-11-19,0.679
2018-11-20,0.67875
2018-11-21,0.68088
2018-11-22,0.67663
2018-11-23,0.68125
2018-11-26,0.6775
2018-11-27,0.68125
2018-11-28,0.68513
2018-11-29,0.67663
2018-11-30,0.68175
2018-12-03,0.68188
2018-12-04,0.67438
2018-12-05,0.67525
2018-12-06,0.67625
2018-12-07,0.68013
2018-12-10,0.67563
2018-12-11,0.67825
2018-12-12,0.683
2018-12-13,0.6845
2018-12-14,0.685
2018-12-17,0.67475
2018-12-18,0.67525
2018-12-19,0.67675
2018-12-20,0.67563
2018-12-21,0.6875
2018-12-24,0.67688
2018-12-25,.
2018-12-26,.
2018-12-27,0.69425
2018-12-28,0.68613
2018-12-31,0.67025
2019-01-01,.
2019-01-02,0.69263
2019-01-03,0.67888
2019-01-04,0.67763
2019-01-07,0.67788
2019-01-08,0.678
2019-01-09,0.67563
2019-01-10,0.68563
2019-01-11,0.68413
2019-01-14,0.68613
2019-01-15,0.68463
2019-01-16,0.68288
2019-01-17,0.683
2019-01-18,0.68325
2019-01-21,0.6765
2019-01-22,0.67763
2019-01-23,0.67788
2019-01-24,0.68438
2019-01-25,0.67688
2019-01-28,0.67775
2019-01-29,0.67975
2019-01-30,0.67475
2019-01-31,0.67713
2019-02-01,0.68188
2019-02-04,0.67825
2019-02-05,0.67663
2019-02-06,0.67275
2019-02-07,0.68163
2019-02-08,0.68338
2019-02-11,0.67775
2019-02-12,0.67375
2019-02-13,0.6755
2019-02-14,0.6775
2019-02-15,0.67463
2019-02-18,0.68075
2019-02-19,0.68138
2019-02-20,0.67238
2019-02-21,0.67838
2019-02-22,0.6775
2019-02-25,0.67263
2019-02-26,0.6745
2019-02-27,0.67975
2019-02-28,0.67838
2019-03-01,0.67775
2019-03-04,0.67713
2019-03-05,0.67363
2019-03-06,0.67825
2019-03-07,0.67538
2019-03-08,0.67175
2019-03-11,0.67675
2019-03-12,0.67363
2019-03-13,0.67688
2019-03-14,0.673
2019-03-15,0.67338
2019-03-18,0.67063
2019-03-19,0.67063
2019-03-20,0.67175
2019-03-21,0.67914
2019-03-22,0.67725
2019-03-25,0.67738
2019-03-26,0.67763
2019-03-27,0.6725
2019-03-28,0.6765
2019-03-29,0.67375
2019-04-01,0.67588
2019-04-02,0.67075
2019-04-03,0.67138
2019-04-04,0.67063
2019-04-05,0.67113
2019-04-08,0.6685
2019-04-09,0.66863
2019-04-10,0.67088
2019-04-11,0.66925
2019-04-12,0.67188
2019-04-15,0.67088
2019-04-16,0.67175
2019-04-17,0.67313
2019-04-18,0.67125
2019-04-19,.
2019-04-22,.
2019-04-23,0.66988
2019-04-24,0.67025
2019-04-25,0.67163
2019-04-26,0.6705
2019-04-29,0.6725
2019-04-30,0.68
2019-05-01,0.68063
2019-05-02,0.67888
2019-05-03,0.675
2019-05-06,.
2019-05-07,0.67063
2019-05-08,0.66938
2019-05-09,0.67163
2019-05-10,0.67288
2019-05-13,0.67138
2019-05-14,0.67213
2019-05-15,0.67275
2019-05-16,0.67438
2019-05-17,0.67213
2019-05-20,0.66988
2019-05-21,0.67113
2019-05-22,0.67125
2019-05-23,0.67188
2019-05-24,0.67063
2019-05-27,.
2019-05-28,0.67688
2019-05-29,0.67038
2019-05-30,0.67625
2019-05-31,0.684
2019-06-03,0.67888
2019-06-04,0.6715
2019-06-05,0.671
2019-06-06,0.67525
2019-06-07,0.67013
2019-06-10,0.6725
2019-06-11,0.66975
2019-06-12,0.67525
2019-06-13,0.67263
2019-06-14,0.6725
2019-06-17,0.67613
2019-06-18,0.67438
2019-06-19,0.67738
2019-06-20,0.66925
2019-06-21,0.67513
2019-06-24,0.67388
2019-06-25,0.67063
2019-06-26,0.67213
2019-06-27,0.67575
2019-06-28,0.67275
2019-07-01,0.68013
2019-07-02,0.67238
2019-07-03,0.6685
2019-07-04,0.66713
2019-07-05,0.66563
2019-07-08,0.66688
2019-07-09,0.66825
2019-07-10,0.66925
2019-07-11,0.66638
2019-07-12,0.66788
2019-07-15,0.66813
2019-07-16,0.66663
2019-07-17,0.66188
2019-07-18,0.66675
2019-07-19,0.6645
2019-07-22,0.66038
2019-07-23,0.66863
2019-07-24,0.66663
2019-07-25,0.66088
2019-07-26,0.66575
2019-07-29,0.66813
2019-07-30,0.67463
2019-07-31,0.66863
2019-08-01,0.66888
2019-08-02,0.66325
2019-08-05,0.67138
2019-08-06,0.67
2019-08-07,0.672
2019-08-08,0.66875
2019-08-09,0.66513
2019-08-12,0.67825
2019-08-13,0.6665
2019-08-14,0.66888
2019-08-15,0.66813
2019-08-16,0.668
2019-08-19,0.66263
2019-08-20,0.66963
2019-08-21,0.66663
2019-08-22,0.675
2019-08-23,0.67688
2019-08-26,.
2019-08-27,0.67775
2019-08-28,0.66625
2019-08-29,0.66438
2019-08-30,0.68038
2019-09-02,0.66963
2019-09-03,0.66988
2019-09-04,0.66838
2019-09-05,0.67013
2019-09-06,0.67325
2019-09-09,0.66963
2019-09-10,0.67725
2019-09-11,0.67763
2019-09-12,0.669
2019-09-13,0.6715
2019-09-16,0.67613
2019-09-17,0.66125
2019-09-18,0.6605
2019-09-19,0.66963
2019-09-20,0.66863
2019-09-23,0.66963
2019-09-24,0.66938
2019-09-25,0.679
2019-09-26,0.67038
2019-09-27,0.66963
2019-09-30,0.66025
2019-10-01,0.66538
2019-10-02,0.68075
2019-10-03,0.66288
2019-10-04,0.67025
2019-10-07,0.6775
2019-10-08,0.66763
2019-10-09,0.67125
2019-10-10,0.66063
2019-10-11,0.67188
2019-10-14,0.66513
2019-10-15,0.66938
2019-10-16,0.67225
2019-10-17,0.66838
2019-10-18,0.66925
2019-10-21,0.68038
2019-10-22,0.66913
2019-10-23,0.68463
2019-10-24,0.67213
2019-10-25,0.68175
2019-10-28,0.67913
2019-10-29,0.681
2019-10-30,0.67438
2019-10-31,0.67725
2019-11-01,0.68038
2019-11-04,0.67913
2019-11-05,0.68163
2019-11-06,0.68
2019-11-07,0.682
2019-11-08,0.67963
2019-11-11,0.68213
2019-11-12,0.66663
2019-11-13,0.6715
2019-11-14,0.68413
2019-11-15,0.6815
2019-11-18,0.68413
2019-11-19,0.67875
2019-11-20,0.67938
2019-11-21,0.679
2019-11-22,0.66938
2019-11-25,0.65925
2019-11-26,0.67775
2019-11-27,0.66963
2019-11-28,0.67225
2019-11-29,0.67513
2019-12-02,0.67838
2019-12-03,0.6715
2019-12-04,0.67088
2019-12-05,0.66975
2019-12-06,0.67
2019-12-09,0.66625
2019-12-10,0.67313
2019-12-11,0.684
2019-12-12,0.68088
2019-12-13,0.68188
2019-12-16,0.68363
2019-12-17,0.67125
2019-12-18,0.6705
2019-12-19,0.68438
2019-12-20,0.66238
2019-12-23,0.65638
2019-12-24,0.66788
2019-12-25,.
2019-12-26,.
2019-12-27,0.66175
2019-12-30,0.6655
2019-12-31,0.67625
2020-01-01,.
2020-01-02,0.66613
2020-01-03,0.68225
2020-01-06,0.67025
2020-01-07,0.67125
2020-01-08,0.67225
2020-01-09,0.66988
2020-01-10,0.68225
2020-01-13,0.682
2020-01-14,0.679
2020-01-15,0.68188
2020-01-16,0.67275
2020-01-17,0.68
2020-01-20,0.68275
2020-01-21,0.67938
2020-01-22,0.6835
2020-01-23,0.683
2020-01-24,0.6685
2020-01-27,0.67188
2020-01-28,0.66788
2020-01-29,0.66825
2020-01-30,0.6245
2020-01-31,0.67525
2020-02-03,0.68263
2020-02-04,0.68363
2020-02-05,0.6805
2020-02-06,0.671
2020-02-07,0.67413
2020-02-10,0.68525
2020-02-11,0.67275
2020-02-12,0.66763
2020-02-13,0.68413
2020-02-14,0.68425
2020-02-17,0.68225
2020-02-18,0.67163
2020-02-19,0.67988
2020-02-20,0.68425
2020-02-21,0.66913
2020-02-24,0.67175
2020-02-25,0.671
2020-02-26,0.68475
2020-02-27,0.66875
2020-02-28,0.68613
2020-03-02,0.68413
2020-03-03,0.671
2020-03-04,0.671
2020-03-05,0.67988
2020-03-06,0.66738
2020-03-09,0.66988
2020-03-10,0.68113
2020-03-11,0.185
2020-03-12,0.19088
2020-03-13,0.19075
2020-03-16,0.184
2020-03-17,0.20013
2020-03-18,0.196
2020-03-19,0.20488
2020-03-20,0.064
2020-03-23,0.06413
2020-03-24,0.06588
2020-03-25,0.063
2020-03-26,0.059
2020-03-27,0.0605
2020-03-30,0.05875
2020-03-31,0.05588
2020-04-01,0.06338
2020-04-02,0.06088
2020-04-03,0.061
2020-04-06,0.0595
2020-04-07,0.05988
2020-04-08,0.05688
2020-04-09,0.05588
2020-04-10,.
2020-04-13,.
2020-04-14,0.06263
2020-04-15,0.0595
2020-04-16,0.0555
2020-04-17,0.05763
2020-04-20,0.05888
2020-04-21,0.06275
2020-04-22,0.056
2020-04-23,0.06013
2020-04-24,0.05888
2020-04-27,0.05863
2020-04-28,0.0565
2020-04-29,0.05663
2020-04-30,0.05313
2020-05-01,0.05175
2020-05-04,0.05725
2020-05-05,0.0545
2020-05-06,0.05913
2020-05-07,0.05763
2020-05-08,.
2020-05-11,0.05963
2020-05-12,0.05963
2020-05-13,0.05863
2020-05-14,0.05875
2020-05-15,0.05875
2020-05-18,0.05863
2020-05-19,0.05663
2020-05-20,0.05675
2020-05-21,0.05775
2020-05-22,0.058
2020-05-25,.
2020-05-26,0.0585
2020-05-27,0.05725
2020-05-28,0.05488
2020-05-29,0.05713
2020-06-01,0.05363
2020-06-02,0.05625
2020-06-03,0.05713
2020-06-04,0.0565
2020-06-05,0.05413
2020-06-08,0.057
2020-06-09,0.05425
2020-06-10,0.05488
2020-06-11,0.05263
2020-06-12,0.05188
2020-06-15,0.05538
2020-06-16,0.05175
2020-06-17,0.05325
2020-06-18,0.05825
2020-06-19,0.0565
2020-06-22,0.05613
2020-06-23,0.05425
2020-06-24,0.05638
2020-06-25,0.054
2020-06-26,0.05075
2020-06-29,0.05125
2020-06-30,0.05338
2020-07-01,0.05013
2020-07-02,0.05488
2020-07-03,0.053
2020-07-06,0.05263
2020-07-07,0.05375
2020-07-08,0.05338
2020-07-09,0.05213
2020-07-10,0.04863
2020-07-13,0.05288
2020-07-14,0.053
2020-07-15,0.05413
2020-07-16,0.05063
2020-07-17,0.05425
2020-07-20,0.053
2020-07-21,0.0515
2020-07-22,0.05413
2020-07-23,0.05038
2020-07-24,0.05163
2020-07-27,0.05063
2020-07-28,0.05113
2020-07-29,0.05125
2020-07-30,0.05025
2020-07-31,0.05375
2020-08-03,0.05238
2020-08-04,0.05088
2020-08-05,0.05188
2020-08-06,0.05063
2020-08-07,0.0485
2020-08-10,0.0525
2020-08-11,0.052
2020-08-12,0.053
2020-08-13,0.05138
2020-08-14,0.05025
2020-08-17,0.05088
2020-08-18,0.04838
2020-08-19,0.04925
2020-08-20,0.05063
2020-08-21,0.0515
2020-08-24,0.049
2020-08-25,0.05075
2020-08-26,0.04925
2020-08-27,0.05038
2020-08-28,0.04725
2020-08-31,.
2020-09-01,0.04988
2020-09-02,0.0525
2020-09-03,0.05163
2020-09-04,0.05138
2020-09-07,0.04625
2020-09-08,0.0475
2020-09-09,0.04988
2020-09-10,0.0485
2020-09-11,0.04888
2020-09-14,0.0535
2020-09-15,0.05088
2020-09-16,0.05013
2020-09-17,0.0515
2020-09-18,0.05263
