Date,AUD,EUR,NZD,GBP,BRL,CAD,CNY,DKK,HKD,INR,JPY,MYR,MXN,NOK,ZAR,SGD,KRW,LKR,SEK,CHF,TWD,THB,VEB,gdpGBP,gdpUSD,GBR_Value,USA_Value,liborGBP,liborUSD
2019-08-26,0.6782,1.1112,0.6396,1.2232,4.1528,1.3282,7.1503,6.711,7.8457,72.02,106,4.2015,19.9175,8.9888,15.2525,1.3878,1217.51,179.5,9.6712,0.9782,31.41,30.58,16035.4135,99.8487118811864,99.9185769163609,-2.60049286244339,-2.05550327386402,0.677315,2.092065
2019-08-27,0.6758,1.1094,0.6366,1.2288,4.1813,1.3274,7.1603,6.7212,7.8469,71.52,105.8,4.202,20.0055,9.0225,15.3275,1.389,1211.38,179.65,9.6623,0.9815,31.39,30.57,16474.7193,99.8461060663297,99.9183884060679,-2.56538283965716,-2.05044138245523,0.67775,2.09575
2019-08-28,0.6746,1.1084,0.6337,1.2248,4.1553,1.3299,7.1628,6.7273,7.8439,71.75,105.86,4.2125,20.012,9.0337,15.3425,1.3881,1213.75,180.2,9.719,0.9807,31.43,30.61,17607.6048,99.843500251473,99.9181998957749,-2.53027281687093,-2.04537949104643,0.66625,2.08663
2019-08-29,0.6734,1.1059,0.6318,1.2197,4.1595,1.3299,7.1434,6.7422,7.8462,71.67,106.5,4.219,20.1185,9.091,15.2875,1.388,1216.14,180.25,9.7695,0.9853,31.34,30.61,18364.0734,99.8408944366163,99.9180113854819,-2.4951627940847,-2.04031759963764,0.66438,2.095
2019-08-30,0.673,1.0989,0.6299,1.2166,4.1254,1.329,7.1543,6.785,7.8403,71.45,106.3,4.2047,20.0674,9.1192,15.1925,1.3879,1211.32,179.2,9.8277,0.9899,31.32,30.61,20459.774,99.8382886217596,99.9178228751889,-2.46005277129847,-2.03525570822885,0.68038,2.08963
2019-09-03,0.6758,1.0968,0.6326,1.2086,4.1726,1.3332,7.1786,6.7988,7.8425,72.2,105.88,4.2189,19.992,9.1034,15.1275,1.3906,1212.44,180.2,9.8378,0.9872,31.38,30.6,23271.8172,99.82978793896,99.9176820904114,-2.35472270293978,-2.02007003400246,0.66988,2.09063
2019-09-04,0.6796,1.1025,0.6354,1.219,4.114,1.3248,7.144,6.7648,7.8386,72.11,106.28,4.204,19.779,9.0368,14.8025,1.3842,1207.84,180.45,9.7519,0.9817,31.3,30.56,23781.1892,99.8268405049886,99.9177059531691,-2.31961268015355,-2.01500814259367,0.66838,2.09125
2019-09-05,0.682,1.1038,0.6376,1.2337,4.0908,1.3238,7.1468,6.7584,7.8378,71.84,106.96,4.1855,19.6935,8.9955,14.8475,1.3841,1200.18,180.65,9.6796,0.9868,31.26,30.68,23616.4142,99.8238930710172,99.9177298159268,-2.28450265736732,-2.00994625118488,0.67013,2.09763
2019-09-06,0.6856,1.1042,0.6439,1.2299,4.0643,1.317,7.1131,6.7568,7.8389,71.68,106.8,4.177,19.5575,8.9668,14.7525,1.3797,1196.81,180.8,9.6179,0.9866,31.22,30.62,20907.5176,99.8209456370457,99.9177536786846,-2.24939263458109,-2.00488435977608,0.67325,2.09475
2019-09-09,0.6874,1.1056,0.6434,1.2368,4.0819,1.314,7.121,6.7456,7.8378,71.66,107.14,4.177,19.5365,8.9255,14.76,1.3788,1192.33,180.4,9.6489,0.991,31.21,30.63,20379.0349,99.8179982030743,99.9177775414423,-2.21428261179486,-1.99982246836729,0.66963,2.09388
2019-09-10,0.6868,1.1042,0.6425,1.2355,4.101,1.3141,7.1121,6.7562,7.84,71.89,107.34,4.17,19.5005,8.951,14.6625,1.379,1191.22,180.3,9.6885,0.9908,31.22,30.6,20455.0789,99.8150507691029,99.9178014042,-2.17917258900863,-1.9947605769585,0.67725,2.0925
2019-09-11,0.6858,1.1001,0.6415,1.2329,4.0592,1.3199,7.1153,6.7819,7.8396,71.62,107.73,4.178,19.55,8.9762,14.74,1.3798,1191.51,180.27,9.6871,0.9933,31.13,30.58,21128.9399,99.8121033351315,99.9178252669578,-2.1440625662224,-1.9896986855497,0.67763,2.0945
2019-09-12,0.6871,1.1074,0.6417,1.2357,4.0606,1.3209,7.0787,6.7398,7.8262,70.91,107.97,4.1645,19.421,8.9668,14.5925,1.3741,1180.7,180.3,9.6312,0.9891,31.03,30.4,21175.4074,99.80915590116,99.9178491297155,-2.10895254343617,-1.98463679414091,0.669,2.08825
2019-09-13,0.6886,1.1074,0.6384,1.2462,4.061,1.3268,7.0754,6.7431,7.8237,71,108.12,4.1649,19.3555,8.9765,14.53,1.3727,1176.62,179.74,9.6095,0.9898,30.88,30.47,21391.0349,99.8062084671886,99.9178729924732,-2.07384252064994,-1.97957490273211,0.6715,2.09475
2019-09-16,0.6865,1.1006,0.6352,1.2423,4.0831,1.324,7.0659,6.7844,7.8177,71.53,107.94,4.1649,19.428,8.9607,14.6225,1.3753,1182.96,180.35,9.6649,0.9919,30.9,30.51,21501.5249,99.8032610332172,99.917896855231,-2.03873249786371,-1.97451301132332,0.67613,2.11163
2019-09-17,0.6858,1.1063,0.635,1.2493,4.097,1.3249,7.0905,6.7489,7.822,71.47,108.12,4.18,19.417,8.9357,14.75,1.3745,1186.1,180.55,9.6711,0.9925,30.95,30.51,21501.5254,99.8003135992457,99.9179207179887,-2.00362247507748,-1.96945111991453,0.66125,2.15488
2019-09-18,0.6844,1.1061,0.6333,1.2478,4.0964,1.3283,7.0849,6.7506,7.8305,71.16,108.17,4.1845,19.348,8.9331,14.6275,1.3735,1191.51,180.65,9.6955,0.995,30.95,30.51,19839.5671,99.7973661652743,99.9179445807464,-1.96851245229125,-1.96438922850573,0.6605,2.18525
2019-09-19,0.6795,1.1046,0.6301,1.2481,4.1389,1.3258,7.0959,6.7597,7.8318,71.31,108,4.19,19.405,8.9781,14.7175,1.3787,1193.87,180.85,9.7018,0.9927,30.98,30.53,19790.0709,99.7944187313029,99.9179684435041,-1.93340242950502,-1.95932733709694,0.66963,1.96213
2019-09-20,0.677,1.1004,0.6258,1.2489,4.1698,1.3268,7.0909,6.7856,7.8382,71.05,107.95,4.1659,19.44,9.0461,14.9275,1.3763,1188.16,181.1,9.7313,0.993,30.93,30.49,19822.0563,99.7914712973314,99.9179923062619,-1.89829240671879,-1.95426544568815,0.66863,1.8685
2019-09-23,0.6772,1.0991,0.6285,1.2428,4.1771,1.3271,7.1168,6.794,7.8401,70.79,107.47,4.177,19.442,9.0552,14.865,1.3777,1195.48,181.4,9.7217,0.9894,30.98,30.46,19666.0254,99.78852386336,99.9180161690196,-1.86318238393256,-1.94920355427935,0.66963,1.8475
2019-09-24,0.6793,1.0999,0.6315,1.2475,4.1737,1.3253,7.1138,6.7866,7.8406,70.94,107.32,4.18,19.4485,9.0005,14.915,1.3764,1196.52,181.05,9.6905,0.9872,31.01,30.54,19720.7742,99.7855764293886,99.9180400317774,-1.82807236114633,-1.94414166287056,0.66938,1.842
2019-09-25,0.675,1.0949,0.6275,1.2363,4.1764,1.3279,7.1313,6.8181,7.8379,71,107.78,4.1901,19.56,9.0513,14.9975,1.3788,1200.17,181.44,9.7538,0.9909,31.04,30.61,19938.596,99.7826289954171,99.9180638945351,-1.7929623383601,-1.93907977146177,0.679,1.84075
2019-09-26,0.6754,1.0938,0.6303,1.2343,4.1517,1.3271,7.13,6.8257,7.837,70.93,107.67,4.193,19.6435,9.0813,14.9925,1.3816,1201.99,181.65,9.757,0.9928,31.02,30.64,20656.4001,99.7796815614457,99.9180877572928,-1.75785231557387,-1.93401788005297,0.67038,1.82988
2019-09-27,0.6764,1.0942,0.6296,1.2312,4.1576,1.325,7.1218,6.8235,7.8395,70.49,108.05,4.1842,19.681,9.0822,15.1375,1.3812,1200.03,181.8,9.8006,0.9919,31.05,30.63,20851.4159,99.7767341274743,99.9181116200506,-1.72274229278764,-1.92895598864418,0.66963,1.82713
2019-09-30,0.6746,1.0905,0.6262,1.2305,4.1629,1.3243,7.1477,6.8469,7.8401,70.64,108.11,4.188,19.742,9.0834,15.1575,1.383,1195.85,182,9.8307,0.9978,31.05,30.59,20975.5097,99.7737866935028,99.9181354828083,-1.68763227000141,-1.92389409723538,0.66025,1.8215
2019-10-01,0.6703,1.0932,0.6246,1.2242,4.1624,1.3235,7.1473,6.8288,7.8425,71.11,107.7,4.192,19.7755,9.1192,15.3525,1.3851,1198.96,182.2,9.8791,0.9936,31.07,30.61,20694.5259,99.7708392595314,99.918159345566,-1.65252224721518,-1.91883220582659,0.66538,1.82613
2019-10-02,0.6698,1.0951,0.6256,1.2313,4.1434,1.3313,7.1473,6.8179,7.8431,71.17,107.21,4.193,19.776,9.1412,15.2075,1.3844,1205.47,181.7,9.8791,0.9975,31.06,30.6,20374.5745,99.7679869152429,99.9184072939667,-1.68514038699089,-1.92107102650154,0.68075,1.85125
2019-10-03,0.6751,1.0991,0.6314,1.239,4.0876,1.3323,7.1473,6.7934,7.8433,71.03,106.76,4.1853,19.6985,9.1065,15.1375,1.38,1204.67,181.37,9.8375,0.9974,30.97,30.53,20203.9537,99.7651345709544,99.9186552423675,-1.7177585267666,-1.92330984717648,0.66288,1.82238
2019-10-04,0.6764,1.0974,0.6314,1.2309,4.0601,1.3332,7.1473,6.8056,7.8433,70.86,106.91,4.1845,19.5385,9.1025,15.05,1.3785,1192.93,181.35,9.8512,0.9958,30.92,30.42,20112.9486,99.7622822266659,99.9189031907682,-1.75037666654232,-1.92554866785143,0.67025,1.82075
2019-10-07,0.6742,1.0984,0.6292,1.2322,4.0831,1.3305,7.1473,6.7994,7.8436,70.97,107.06,4.1951,19.55,9.129,15.14,1.3808,1196.49,180.87,9.8999,0.9947,30.89,30.45,20167.4812,99.7594298823774,99.9191511391689,-1.78299480631803,-1.92778748852638,0.6775,1.80825
2019-10-08,0.6727,1.0949,0.6294,1.2206,4.0846,1.3332,7.1422,6.8213,7.8447,71.21,107.06,4.1911,19.582,9.1735,15.2675,1.3824,1193.24,180.3,9.9471,0.994,30.81,30.4,20062.5987,99.7565775380889,99.9193990875697,-1.81561294609374,-1.93002630920132,0.66763,1.8055
2019-10-09,0.673,1.0978,0.6299,1.2215,4.1043,1.3327,7.1316,6.8034,7.8454,71.09,107.43,4.1951,19.575,9.1649,15.18,1.3807,1197.29,180.45,9.9576,0.995,30.83,30.31,19614.6394,99.7537251938004,99.9196470359704,-1.84823108586945,-1.93226512987627,0.67125,1.79
2019-10-10,0.677,1.1018,0.6324,1.2382,4.1075,1.3274,7.1153,6.7778,7.8411,70.98,107.91,4.1925,19.4575,9.1184,15.0175,1.3755,1190.06,180.5,9.8406,0.9954,30.75,30.39,19708.8834,99.7508728495119,99.9198949843711,-1.88084922564516,-1.93450395055122,0.66063,1.79263
2019-10-11,0.6804,1.1039,0.6345,1.2683,4.0945,1.3181,7.0868,6.7793,7.8441,70.91,108.52,4.1925,19.3316,9.0664,14.7725,1.3714,1195.61,180.65,9.8406,0.9967,30.75,30.39,19365.1175,99.7480205052234,99.9201429327719,-1.91346736542088,-1.93674277122616,0.67188,1.79888
2019-10-15,0.6757,1.1036,0.6284,1.2737,4.1506,1.3199,7.0814,6.7693,7.8438,71.48,108.83,4.189,19.248,9.1194,14.862,1.3709,1184.67,181.65,9.7916,0.9982,30.62,30.42,19684.0723,99.7423158166464,99.9206388295733,-1.9787036449723,-1.94122041257606,0.66938,1.79513
2019-10-16,0.6755,1.1075,0.6276,1.2854,4.161,1.3191,7.092,6.7459,7.8446,71.37,108.71,4.1935,19.199,9.1701,14.911,1.3704,1186.38,181.9,9.7807,0.9959,30.69,30.36,18907.6443,99.7394634723579,99.9208867779741,-2.01132178474801,-1.943459233251,0.67225,1.82575
2019-10-17,0.6826,1.1129,0.6352,1.2853,4.16,1.3136,7.0766,6.7121,7.8442,71.09,108.51,4.1831,19.155,9.182,14.792,1.3648,1179.05,181.9,9.7088,0.987,30.63,30.27,18807.0796,99.7366111280694,99.9211347263748,-2.04393992452372,-1.94569805392595,0.66838,1.83813
2019-10-18,0.6846,1.1155,0.6373,1.2904,4.1312,1.3134,7.0805,6.6974,7.8427,71.07,108.44,4.185,19.141,9.1756,14.777,1.3645,1181.06,181.9,9.6665,0.9856,30.59,30.28,19125.7412,99.7337587837808,99.9213826747755,-2.07655806429944,-1.9479368746009,0.66925,1.81513
2019-10-21,0.6867,1.1145,0.6392,1.2983,4.136,1.31,7.0748,6.7032,7.8437,70.9,108.57,4.1789,19.146,9.1375,14.775,1.3611,1172.57,181.7,9.629,0.9865,30.56,30.27,18663.7878,99.7309064394923,99.9216306231762,-2.10917620407515,-1.95017569527584,0.68038,1.81113
2019-10-22,0.6863,1.1138,0.6409,1.2948,4.0713,1.3086,7.0761,6.707,7.8426,70.81,108.56,4.187,19.1,9.1407,14.607,1.3622,1170.49,181.55,9.6328,0.9889,30.58,30.3,18328.6044,99.7280540952039,99.921878571577,-2.14179434385086,-1.95241451595079,0.66913,1.81288
2019-10-23,0.6847,1.1118,0.6418,1.2886,4.0674,1.3089,7.0624,6.7188,7.8414,70.81,108.64,4.188,19.113,9.1512,14.637,1.3632,1172.07,181.3,9.6592,0.9907,30.6,30.27,18334.4582,99.7252017509153,99.9221265199777,-2.17441248362657,-1.95465333662574,0.68463,1.814
2019-10-24,0.6817,1.1098,0.6378,1.281,4.01,1.3078,7.0684,6.731,7.8371,71.01,108.62,4.1859,19.101,9.1372,14.653,1.3638,1173.19,181.1,9.6481,0.9923,30.57,30.25,18540.6793,99.7223494066268,99.9223744683784,-2.20703062340229,-1.95689215730068,0.67213,1.80275
2019-10-25,0.6829,1.1081,0.6363,1.2833,4.0018,1.3064,7.0647,6.7411,7.8375,70.78,108.75,4.1851,19.049,9.1942,14.6,1.363,1171.58,181.2,9.6901,0.9945,30.59,30.16,19708.6746,99.7194970623383,99.9226224167792,-2.239648763178,-1.95913097797563,0.68175,1.806
2019-10-28,0.6839,1.1094,0.6345,1.286,3.9769,1.3063,7.067,6.7343,7.8394,70.71,109.02,4.1851,19.046,9.2076,14.552,1.3619,1170.17,181.35,9.7045,0.996,30.56,30.23,20403.1702,99.7166447180498,99.9228703651799,-2.27226690295371,-1.96136979865058,0.67913,1.80163
2019-10-29,0.6862,1.1117,0.6358,1.2905,3.9923,1.3078,7.0655,6.72,7.8398,70.86,108.83,4.1829,19.101,9.2304,14.593,1.3621,1163.03,181.45,9.7176,0.9936,30.52,30.24,21605.7673,99.7137923737613,99.9231183135806,-2.30488504272942,-1.96360861932552,0.681,1.801
2019-10-30,0.6872,1.1123,0.6368,1.2872,4.017,1.3179,7.0541,6.7162,7.8404,70.96,108.88,4.1785,19.167,9.2122,14.976,1.3623,1167.76,181.5,9.6903,0.9909,30.43,30.24,23546.9264,99.7109400294728,99.9233662619814,-2.33750318250513,-1.96584744000047,0.67438,1.80438
2019-10-31,0.6888,1.1155,0.6414,1.2939,4.013,1.3144,7.0379,6.6964,7.8376,71.01,108.09,4.1761,19.174,9.1818,15.064,1.3608,1169.1,181.05,9.6334,0.9868,30.44,30.18,24354.028,99.7080876851843,99.9236142103821,-2.37012132228085,-1.96808626067542,0.67725,1.59988
2019-11-01,0.6914,1.1169,0.6445,1.295,3.9756,1.3145,7.0368,6.6892,7.8365,70.76,108.16,4.1642,19.099,9.09,15.035,1.3567,1165.45,181.1,9.5639,0.9855,30.45,30.17,23344.4006,99.7052353408958,99.9238621587828,-2.40273946205656,-1.97032508135036,0.68038,1.59213
2019-11-04,0.6898,1.1144,0.6416,1.2906,4.0007,1.3145,7.03,6.7037,7.836,70.79,108.56,4.149,19.166,9.1226,14.751,1.3575,1159.29,180.45,9.603,0.9871,30.42,30.2,22437.6783,99.7024078616744,99.9243988697086,-2.43535760183227,-1.97256390202531,0.67913,1.55088
2019-11-05,0.6892,1.107,0.6377,1.287,3.9865,1.3176,7.0082,6.7496,7.8325,70.81,109.13,4.13,19.219,9.1922,14.779,1.3592,1157.64,180.2,9.6698,0.9932,30.39,30.24,22437.6777,99.699580382453,99.9249355806343,-2.46797574160798,-1.97480272270026,0.68163,1.54713
2019-11-06,0.6881,1.1076,0.637,1.2872,4.0582,1.3187,6.9968,6.7455,7.826,70.96,108.86,4.135,19.2,9.1664,14.841,1.36,1156.73,180.5,9.6179,0.992,30.39,30.29,22659.1538,99.6967529032316,99.9254722915601,-2.50059388138369,-1.9770415433752,0.68,1.5365
2019-11-07,0.6895,1.1045,0.6351,1.2829,4.0884,1.3177,6.9766,6.7656,7.8265,71.04,109.42,4.1225,19.128,9.1255,14.742,1.3579,1154.44,180.69,9.6369,0.9954,30.35,30.43,23474.5446,99.6939254240102,99.9260090024859,-2.53321202115941,-1.97928036405015,0.682,1.54363
2019-11-08,0.6854,1.1019,0.6333,1.279,4.1545,1.3218,6.9954,6.7816,7.8256,71.35,109.14,4.1333,19.108,9.1476,14.798,1.3591,1157.14,180.5,9.7095,0.9971,30.37,30.37,24167.7628,99.6910979447888,99.9265457134116,-2.56583016093512,-1.9815191847251,0.67963,1.53863
2019-11-12,0.6846,1.1017,0.6336,1.2855,4.1742,1.3227,7.0066,6.7824,7.8273,71.75,109.09,4.141,19.27,9.1438,14.925,1.3617,1160.8,180.33,9.71,0.9929,30.41,30.34,26714.6124,99.685442986346,99.9276191352631,-2.63106644048654,-1.98599682607499,0.66663,1.53925
2019-11-13,0.6831,1.1004,0.6401,1.284,4.1772,1.3239,7.0223,6.7911,7.8302,72.12,108.83,4.152,19.426,9.189,14.911,1.3626,1167.76,180.2,9.7303,0.9892,30.5,30.22,27892.111,99.6826155071246,99.9281558461889,-2.66368458026225,-1.98823564674994,0.6715,1.539
2019-11-14,0.678,1.1016,0.6374,1.2879,4.1912,1.3251,7.0195,6.7834,7.8289,71.99,108.33,4.1561,19.44,9.1751,14.828,1.3622,1169.82,180.3,9.6964,0.9878,30.55,30.2,29874.8047,99.6797880279032,99.9286925571147,-2.69630272003797,-1.99047446742489,0.68413,1.527
2019-11-15,0.681,1.1046,0.6403,1.2901,4.1957,1.3228,7.0075,6.7647,7.8261,71.6,108.8,4.1535,19.205,9.0857,14.695,1.3602,1166.98,180.06,9.6467,0.9903,30.5,30.26,30010.644,99.6769605486818,99.9292292680404,-2.72892085981368,-1.99271328809983,0.6815,1.53675
2019-11-18,0.682,1.1079,0.6408,1.2965,4.1932,1.321,7.0246,6.7439,7.8274,71.9,108.61,4.154,19.253,9.1032,14.782,1.3596,1163.76,179.45,9.6139,0.9879,30.5,30.19,29309.7802,99.6741330694604,99.9297659789662,-2.76153899958939,-1.99495210877478,0.68413,1.53538
2019-11-19,0.6826,1.1075,0.6426,1.2926,4.2032,1.3233,7.0263,6.747,7.8279,71.86,108.59,4.1564,19.342,9.1262,14.755,1.361,1167.13,179.25,9.6399,0.9912,30.5,30.19,28882.3261,99.671305590239,99.9303026898919,-2.7941571393651,-1.99719092944973,0.67875,1.53688
2019-11-20,0.6797,1.1063,0.6413,1.2918,4.1955,1.3317,7.0344,6.7546,7.8252,71.74,108.67,4.1614,19.48,9.1425,14.772,1.3615,1169.8,179.2,9.6334,0.9921,30.5,30.19,30358.9651,99.6684781110175,99.9308394008177,-2.82677527914081,-1.99942975012467,0.67938,1.529
2019-11-21,0.6793,1.1067,0.6413,1.2915,4.2213,1.3277,7.0285,6.7522,7.8208,71.75,108.53,4.168,19.422,9.1348,14.699,1.3625,1175.71,179.6,9.6344,0.992,30.52,30.21,32015.8372,99.6656506317961,99.9313761117435,-2.85939341891653,-2.00166857079962,0.679,1.54138
2019-11-22,0.6784,1.1029,0.6406,1.2829,4.1859,1.3293,7.0389,6.7755,7.8242,71.76,108.67,4.17,19.402,9.1585,14.725,1.3644,1179.33,179.93,9.6235,0.9967,30.51,30.2,32109.9852,99.6628231525747,99.9319128226692,-2.89201155869224,-2.00390739147457,0.66938,1.53388
2019-11-25,0.677,1.1009,0.6402,1.2885,4.2153,1.3312,7.0349,6.7871,7.8263,71.69,108.95,4.177,19.462,9.1934,14.774,1.3654,1173.09,180.85,9.6468,0.9964,30.51,30.19,32557.146,99.6599956733533,99.932449533595,-2.92462969846795,-2.00614621214951,0.65925,1.53613
2019-11-26,0.6787,1.1012,0.642,1.285,4.2594,1.3285,7.0319,6.7841,7.8286,71.51,109.11,4.181,19.493,9.1725,14.792,1.3645,1175.59,181.5,9.5976,0.9978,30.51,30.23,33286.8192,99.6571681941319,99.9329862445208,-2.95724783824366,-2.00838503282446,0.67775,1.538
2019-11-27,0.678,1.1002,0.6429,1.2881,4.2569,1.3284,7.028,6.7901,7.8281,71.26,109.38,4.171,19.537,9.1659,14.736,1.3652,1176.89,180.95,9.5794,0.9996,30.5,30.23,35381.9375,99.6543407149105,99.9335229554465,-2.98986597801938,-2.01062385349941,0.66963,1.53963
2019-11-29,0.6762,1.1019,0.6419,1.2939,4.2272,1.3291,7.0308,6.7803,7.8267,71.75,109.47,4.175,19.543,9.2156,14.636,1.3674,1181.33,180.85,9.57,1.0001,30.5,30.22,38108.7104,99.6486857564677,99.934596377298,-3.0551022575708,-2.0151014948493,0.67513,1.5425
2019-12-02,0.6819,1.1075,0.6506,1.2936,4.22,1.3298,7.038,6.745,7.8284,71.65,109.09,4.1793,19.567,9.1554,14.564,1.3656,1182.84,181.25,9.5384,0.992,30.51,30.27,38883.3776,99.6437118084116,99.9358296994636,-3.12033853712222,-2.01957913619919,0.67838,1.54063
2019-12-03,0.6841,1.1089,0.6516,1.3002,4.1928,1.3298,7.0609,6.7373,7.8286,71.7,108.53,4.1739,19.555,9.1772,14.653,1.3644,1190.31,181.5,9.5254,0.9862,30.5,30.26,37512.1453,99.6415653395769,99.9365263107034,-3.15295667689794,-2.02181795687414,0.6715,1.5385
2019-12-04,0.6851,1.1076,0.6529,1.3095,4.1886,1.3212,7.0489,6.7451,7.8288,71.47,108.87,4.1754,19.482,9.1729,14.598,1.3629,1194.45,181.14,9.5217,0.9893,30.5,30.31,38359.6095,99.6394188707422,99.9372229219432,-3.18557481667365,-2.02405677754909,0.67088,1.5295
2019-12-05,0.6834,1.1104,0.6545,1.3165,4.1912,1.3177,7.0445,6.7277,7.8289,71.26,108.69,4.1703,19.364,9.1317,14.671,1.3609,1189.23,181.4,9.4811,0.9872,30.48,30.36,39847.7317,99.6372724019076,99.9379195331829,-3.21819295644936,-2.02629559822403,0.66975,1.52938
2019-12-06,0.6836,1.1052,0.6565,1.3127,4.1749,1.3255,7.0348,6.7607,7.8288,71.26,108.66,4.1579,19.331,9.1347,14.633,1.3606,1189.86,181.1,9.4929,0.9909,30.48,30.35,41571.0831,99.6351259330729,99.9386161444227,-3.25081109622507,-2.02853441889898,0.67,1.52913
2019-12-09,0.6832,1.1067,0.6555,1.3157,4.1299,1.3228,7.0389,6.7523,7.8284,71.02,108.59,4.1594,19.229,9.1445,14.67,1.3596,1189.45,181.13,9.5292,0.9879,30.47,30.31,41982.4588,99.6329794642382,99.9393127556625,-3.28342923600078,-2.03077323957393,0.66625,1.53663
2019-12-10,0.6814,1.109,0.6541,1.3178,4.1412,1.3231,7.0328,6.7385,7.8266,70.84,108.73,4.1649,19.214,9.172,14.829,1.3583,1191.01,181.03,9.4971,0.9852,30.47,30.3,43542.0333,99.6308329954035,99.9400093669023,-3.3160473757765,-2.03301206024887,0.67313,1.529
2019-12-11,0.6864,1.1092,0.657,1.3176,4.1179,1.3202,7.0384,6.7377,7.8117,70.73,108.67,4.163,19.178,9.1524,14.718,1.3584,1192.2,181.03,9.4401,0.9856,30.45,30.25,44498.9375,99.6286865265688,99.9407059781421,-3.34866551555221,-2.03525088092382,0.684,1.52538
2019-12-12,0.6896,1.1115,0.6584,1.3133,4.099,1.3185,6.9925,6.7232,7.8056,70.62,109.16,4.16,19.089,9.1001,14.533,1.3557,1186.41,180.8,9.406,0.986,30.22,30.16,46019.1032,99.6265400577341,99.9414025893818,-3.38128365532792,-2.03748970159877,0.68088,1.53375
2019-12-13,0.6871,1.1128,0.6591,1.3349,4.1065,1.3196,6.9925,6.7154,7.7951,70.8,109.28,4.1384,19.066,9.048,14.515,1.3549,1171.97,181,9.4002,0.9838,30.24,30.21,46175.8911,99.6243935888994,99.9420992006216,-3.41390179510363,-2.03972852227371,0.68188,1.52988
2019-12-16,0.6887,1.1139,0.6597,1.333,4.0681,1.3158,6.9921,6.709,7.7933,70.89,109.64,4.1417,18.981,9.0134,14.396,1.3549,1171.8,181.07,9.3699,0.9839,30.11,30.22,46188.5008,99.6222471200647,99.9427958118614,-3.44651993487934,-2.04196734294866,0.68363,1.53063
2019-12-17,0.6847,1.1148,0.6568,1.3116,4.0673,1.3155,6.9967,6.703,7.789,71.04,109.52,4.141,18.91,9.0159,14.406,1.3546,1165.81,181.1,9.3754,0.9811,30.13,30.24,46250.6635,99.6201006512301,99.9434924231012,-3.47913807465506,-2.04420616362361,0.67125,1.53563
2019-12-18,0.6854,1.1113,0.6578,1.3078,4.0624,1.3117,7.0029,6.724,7.7867,70.97,109.58,4.1378,18.958,9.0203,14.302,1.3552,1168.02,181.1,9.4203,0.9819,30.15,30.2,46828.9004,99.6179541823954,99.944189034341,-3.51175621443077,-2.04644498429855,0.6705,1.5335
2019-12-19,0.6887,1.1128,0.6607,1.3034,4.058,1.3122,7.0097,6.7148,7.7955,71.11,109.23,4.14,18.941,8.9619,14.215,1.3546,1165.04,181.4,9.4211,0.9777,30.16,30.19,47823.0011,99.6158077135607,99.9448856455808,-3.54437435420648,-2.0486838049735,0.68438,1.534
2019-12-20,0.6902,1.1076,0.6607,1.3036,4.0859,1.317,7.0063,6.7443,7.7969,71.07,109.45,4.1385,18.914,8.9673,14.232,1.355,1160.3,181,9.4111,0.9824,30.14,30.19,47049.5708,99.613661244726,99.9455822568205,-3.57699249398219,-2.05092262564845,0.66238,1.53663
2019-12-23,0.6917,1.1091,0.6628,1.2917,4.0621,1.3167,7.0124,6.7356,7.785,71.24,109.39,4.1415,18.931,8.947,14.187,1.3562,1163.64,181.25,9.4295,0.982,30.14,30.16,46560.5038,99.6115147758913,99.9462788680603,-3.60961063375791,-2.05316144632339,0.65638,1.5345
2019-12-24,0.6923,1.1084,0.6641,1.2955,4.0833,1.316,7.0064,6.7399,7.7872,71.23,109.38,4.135,18.955,8.9142,14.143,1.355,1163.21,181.3,9.4133,0.9807,30.14,30.15,45439.3297,99.6093683070566,99.9469754793001,-3.64222877353362,-2.05540026699834,0.66788,1.53313
2019-12-26,0.6939,1.1102,0.6666,1.3007,4.0602,1.3124,6.9949,6.7295,7.788,71.28,109.67,4.1337,18.944,8.8799,14.132,1.354,1161.18,181.3,9.4108,0.9808,30.11,30.15,45439.3281,99.6050753693872,99.9483687017797,-3.70746505308504,-2.05987790834823,0.663793333333333,1.53521
2019-12-27,0.6978,1.1174,0.6703,1.309,4.0507,1.3073,6.9954,6.6829,7.7874,71.45,109.47,4.126,18.819,8.8291,14.025,1.352,1160.87,181.35,9.3405,0.9741,30.09,30.14,45144.2341,99.6029289005526,99.9490653130195,-3.74008319286075,-2.06211672902318,0.66175,1.53625
2019-12-30,0.7004,1.1217,0.6736,1.314,4.0152,1.3058,6.9864,6.6589,7.7857,71.3,108.85,4.1053,18.863,8.7839,14.056,1.3483,1155.75,181.6,9.3145,0.9677,30.04,29.94,45760.1186,99.6007824317179,99.9497619242592,-3.77270133263647,-2.06435554969813,0.6655,1.53438
2019-12-31,0.703,1.1227,0.6745,1.3269,4.019,1.2962,6.9618,6.6554,7.7894,71.36,108.67,4.0918,18.86,8.7823,13.973,1.3446,1155.46,181.3,9.3425,0.9677,29.91,29.75,46504.2785,99.5986359628832,99.950458535499,-3.80531947241218,-2.06659437037307,0.67625,1.54263
2020-01-02,0.6982,1.1166,0.6692,1.3128,4.0384,1.2998,6.9642,6.692,7.7889,71.34,108.43,4.0876,18.889,8.8074,14.122,1.3475,1157.95,181.16,9.3689,0.9721,29.99,30.15,46504.2773,99.5948627257455,99.9520041280483,-3.83793761218789,-2.06883319104802,0.66613,1.5405
2020-01-03,0.6963,1.1173,0.6673,1.3091,4.0378,1.2985,6.9649,6.6888,7.7779,71.76,107.94,4.1015,18.865,8.8181,14.243,1.3486,1165.15,181.2,9.3844,0.9703,30.03,30.18,48587.5894,99.5932359574425,99.9528531093577,-3.83793761218789,-2.06883319104802,0.68225,1.53675
2020-01-06,0.6932,1.1187,0.6667,1.3163,4.0548,1.2964,6.9749,6.6799,7.769,71.86,108.36,4.104,18.821,8.8034,14.206,1.3493,1167.49,181.2,9.4132,0.9688,30.06,30.16,54305.8215,99.5916091891394,99.9537020906672,-3.83793761218789,-2.06883319104802,0.67025,1.537
2020-01-07,0.6861,1.1138,0.6628,1.3127,4.0813,1.3016,6.9443,6.7096,7.7764,71.84,108.53,4.0935,18.876,8.8588,14.301,1.351,1166.21,181.16,9.4504,0.9716,30.05,30.31,54305.8203,99.5899824208364,99.9545510719766,-3.83793761218789,-2.06883319104802,0.67125,1.52788
2020-01-08,0.687,1.1117,0.6642,1.311,4.0463,1.3026,6.9447,6.7216,7.7753,71.51,109.03,4.102,18.773,8.8695,14.156,1.3504,1170.61,181.5,9.4514,0.9725,30.02,30.37,56599.2373,99.5883556525334,99.9554000532861,-3.83793761218789,-2.06883319104802,0.67225,1.5325
2020-01-09,0.6856,1.1106,0.6609,1.3069,4.0747,1.309,6.9309,6.7286,7.7664,71.16,109.47,4.09,18.83,8.8769,14.2,1.3517,1158.63,181.3,9.4877,0.9724,29.95,30.25,60837.9906,99.5867288842304,99.9562490345955,-3.83793761218789,-2.06883319104802,0.66988,1.527
2020-01-10,0.6903,1.1119,0.6639,1.306,4.0771,1.3051,6.9178,6.7213,7.7661,70.94,109.5,4.0767,18.768,8.8857,14.255,1.3481,1161.18,181.09,9.5037,0.9729,29.97,30.22,62143.2901,99.5851021159274,99.957098015905,-3.83793761218789,-2.06883319104802,0.68225,1.53313
2020-01-13,0.6911,1.1138,0.6635,1.2983,4.1351,1.3049,6.8924,6.7095,7.7719,70.74,109.93,4.062,18.82,8.8912,14.422,1.3465,1156.25,181.45,9.4679,0.9705,29.88,30.18,67045.9548,99.5834753476243,99.9579469972145,-3.83793761218789,-2.06883319104802,0.682,1.53513
2020-01-14,0.6905,1.113,0.6613,1.3018,4.1409,1.3056,6.8837,6.714,7.7755,70.85,110.05,4.0721,18.804,8.871,14.397,1.3466,1156.28,181.39,9.4548,0.9677,29.89,30.25,67645.2089,99.5818485793213,99.9587959785239,-3.83793761218789,-2.06883319104802,0.679,1.53125
2020-01-15,0.6911,1.116,0.6618,1.303,4.1773,1.304,6.8899,6.6958,7.7707,70.69,109.94,4.0729,18.81,8.8575,14.367,1.3461,1156.84,181.39,9.4441,0.9634,29.91,30.29,70499.0547,99.5802218110183,99.9596449598334,-3.83793761218789,-2.06883319104802,0.68188,1.52838
2020-01-16,0.6895,1.1131,0.6639,1.3076,4.1903,1.3042,6.8769,6.713,7.7714,70.95,110.16,4.061,18.777,8.8821,14.377,1.3468,1160.86,181.39,9.4876,0.965,29.93,30.39,71030.2189,99.5785950427153,99.9604939411428,-3.83793761218789,-2.06883319104802,0.67275,1.53563
2020-01-17,0.6877,1.1093,0.661,1.3029,4.1857,1.3074,6.8589,6.7371,7.7678,71.08,110.16,4.052,18.728,8.9133,14.467,1.3474,1159.08,181.16,9.5141,0.9683,29.93,30.38,72047.7694,99.5769682744122,99.9613429224523,-3.83793761218789,-2.06883319104802,0.68,1.53113
2020-01-21,0.6853,1.1096,0.6609,1.3047,4.2,1.3068,6.9049,6.7341,7.7693,71.17,109.95,4.07,18.702,8.9698,14.468,1.3492,1166.56,181.35,9.5099,0.9681,29.98,30.39,73954.125,99.5737147378062,99.9630408850712,-3.83793761218789,-2.06883319104802,0.67938,1.53925
2020-01-22,0.6836,1.1085,0.6588,1.3136,4.1852,1.3135,6.904,6.7414,7.7718,71.07,109.93,4.0645,18.693,8.9846,14.338,1.3491,1165.68,181.35,9.5151,0.9696,29.97,30.4,73246.9044,99.5720879695032,99.9638898663806,-3.83793761218789,-2.06883319104802,0.6835,1.53263
2020-01-23,0.6834,1.1041,0.6587,1.3104,4.1689,1.3144,6.9364,6.7677,7.7725,71.45,109.39,4.0685,18.833,9.0158,14.418,1.3524,1168.38,181.45,9.5506,0.9698,30.04,30.57,73516.8289,99.5704612012002,99.9647388476901,-3.83793761218789,-2.06883319104802,0.683,1.53163
2020-01-24,0.6824,1.1026,0.6602,1.3071,4.1879,1.3146,6.9161,6.7774,7.7721,71.31,109.31,4.064,18.845,9.0393,14.425,1.3512,1166.91,181.5,9.565,0.9712,30.03,30.56,74057.9871,99.5688344328971,99.9655878289996,-3.83793761218789,-2.06883319104802,0.6685,1.53188
2020-01-27,0.6757,1.1019,0.6551,1.3054,4.2268,1.3176,6.9161,6.7816,7.777,71.45,108.95,4.06,18.9599,9.1438,14.608,1.3571,1176.2,181.4,9.6207,0.9695,30.1,30.69,74487.13,99.5672076645941,99.966436810309,-3.83793761218789,-2.06883319104802,0.67188,1.53175
2020-01-28,0.6753,1.1008,0.6534,1.2996,4.2094,1.3174,6.9161,6.7889,7.7759,71.24,109.17,4.0859,18.78,9.1325,14.566,1.3587,1176.23,181.17,9.6213,0.9738,30.1,30.81,74258.045,99.5655808962911,99.9672857916185,-3.83793761218789,-2.06883319104802,0.66788,1.533
2020-01-29,0.6744,1.1004,0.6523,1.3012,4.2162,1.3201,6.9161,6.7917,7.7721,71.35,109.15,4.079,18.6762,9.1646,14.625,1.3606,1176.98,181.4,9.6224,0.9747,30.1,30.95,74540.3681,99.5639541279881,99.9681347729279,-3.83793761218789,-2.06883319104802,0.66825,1.52963
2020-01-30,0.6715,1.1032,0.649,1.3106,4.2602,1.3216,6.9161,6.7747,7.7672,71.57,108.75,4.0873,18.799,9.2067,14.7879,1.3628,1191.94,181.4,9.6387,0.9692,30.26,31.18,74540.3672,99.562327359685,99.9689837542374,-3.83793761218789,-2.06883319104802,0.6245,1.54388
2020-01-31,0.6699,1.1082,0.6466,1.3195,4.2801,1.322,6.9161,6.7436,7.7665,71.53,108.5,4.095,18.89,9.1985,14.936,1.3647,1191.3,181.35,9.6353,0.9645,30.23,31.19,74802.3994,99.560700591382,99.9698327355468,-3.83793761218789,-2.06883319104802,0.67525,1.56875
2020-02-03,0.6688,1.1062,0.6463,1.3006,4.2411,1.3295,7.0208,6.7549,7.7678,71.32,108.59,4.114,18.79,9.2815,14.91,1.3689,1194.8,181.4,9.6541,0.9655,30.29,31.06,73841.546,99.2510700701016,99.7357961220305,-3.83793761218789,-2.06883319104802,0.68263,1.568
2020-02-04,0.6732,1.1043,0.648,1.3029,4.2405,1.3266,6.9979,6.7665,7.7652,71.11,109.41,4.109,18.676,9.2123,14.747,1.37,1184.51,181.39,9.5939,0.9693,30.12,30.97,72759.4737,98.9430663171243,99.5009105272047,-3.83793761218789,-2.06883319104802,0.68363,1.5655
2020-02-05,0.6748,1.1006,0.6477,1.3,4.2567,1.3294,6.972,6.767,7.764,71.19,109.74,4.1155,18.62,9.2125,14.798,1.3813,1187.25,181.39,9.5951,0.9729,30,30.97,73157.8361,98.6350625641469,99.266024932379,-3.83793761218789,-2.06883319104802,0.6805,1.57513
2020-02-06,0.6738,1.0979,0.6462,1.2935,4.2694,1.3292,6.9694,6.8062,7.763,71.19,109.89,4.1225,18.67,9.2342,14.901,1.3855,1179.64,181.3,9.6282,0.975,30.04,31.15,73423.3459,98.3270588111696,99.0311393375532,-3.83793761218789,-2.06883319104802,0.671,1.572
2020-02-07,0.6679,1.095,0.6406,1.2908,4.3126,1.3304,7.0003,6.8237,7.7651,71.47,109.81,4.141,18.755,9.2888,15.062,1.3895,1186.24,181.35,9.6493,0.9777,30.1,31.34,73428.45,98.0190550581922,98.7962537427274,-3.83793761218789,-2.06883319104802,0.67413,1.57738
2020-02-10,0.6674,1.0916,0.6385,1.2919,4.3155,1.3323,6.982,6.8453,7.7657,71.28,109.77,4.148,18.767,9.2961,15.019,1.3894,1186.96,181.39,9.6648,0.9778,30.08,31.3,73246.9752,97.7110513052149,98.5613681479016,-3.83793761218789,-2.06883319104802,0.68525,1.57463
2020-02-11,0.6712,1.0917,0.6402,1.2945,4.3346,1.3299,6.965,6.8445,7.7657,71.25,109.78,4.131,18.694,9.2546,14.851,1.3863,1181.32,181.4,9.6335,0.9761,30.02,31.25,72865.867,97.4030475522375,98.3264825530759,-3.83793761218789,-2.06883319104802,0.67275,1.57125
2020-02-12,0.6746,1.0893,0.6472,1.2978,4.3428,1.3243,6.9708,6.8598,7.7702,71.29,110,4.1365,18.627,9.2148,14.818,1.3858,1178.98,181.35,9.6235,0.9767,29.98,31.1,72989.5656,97.0950437992602,98.0915969582501,-3.83793761218789,-2.06883319104802,0.66763,1.57413
2020-02-13,0.6729,1.0848,0.6444,1.3051,4.3302,1.3255,6.9759,6.8875,7.7668,71.27,109.81,4.1398,18.642,9.2602,14.887,1.3885,1182.02,181.4,9.6758,0.9788,29.98,31.1,73303.2672,96.7870400462828,97.8567113634243,-3.83793761218789,-2.06883319104802,0.68413,1.57338
2020-02-14,0.6719,1.0839,0.6437,1.3039,4.3104,1.3251,6.9859,6.8925,7.7672,71.52,109.77,4.14,18.57,9.2479,14.9,1.3921,1183.2,181.41,9.7176,0.9818,30.02,31.21,73398.9786,96.4790362933055,97.6218257685985,-3.83793761218789,-2.06883319104802,0.68425,1.57613
2020-02-18,0.6693,1.0815,0.6394,1.3017,4.3507,1.3256,6.9949,6.9071,7.7674,71.56,109.8,4.154,18.589,9.3092,14.975,1.3921,1190.6,181.5,9.7715,0.9814,30.11,31.16,73287.3036,95.8630287873508,97.152054578947,-3.83793761218789,-2.06883319104802,0.67163,1.56338
2020-02-19,0.6673,1.0794,0.638,1.2934,4.366,1.3232,6.9975,6.9195,7.7719,71.55,111.17,4.1599,18.588,9.2762,14.98,1.3945,1191.1,181.9,9.8041,0.9839,30.11,31.21,73587.8948,95.5550250343734,96.9171689841212,-3.83793761218789,-2.06883319104802,0.67988,1.57688
2020-02-20,0.6618,1.0797,0.6339,1.2877,4.3845,1.3259,7.0225,6.9166,7.7831,71.67,111.86,4.1806,18.82,9.3194,15.118,1.4005,1198.34,181.55,9.8168,0.9831,30.26,31.43,73575.4435,95.2470212813961,96.6822833892954,-3.83793761218789,-2.06883319104802,0.68425,1.56713
2020-02-21,0.6632,1.0855,0.6351,1.2966,4.383,1.3217,7.0255,6.8812,7.7873,71.9,111.74,4.189,18.813,9.2782,14.966,1.397,1207.91,181.35,9.7269,0.9781,30.4,31.55,73602.5947,94.9390175284187,96.4473977944697,-3.83793761218789,-2.06883319104802,0.66913,1.57025
2020-02-24,0.6612,1.0857,0.6347,1.2923,4.3878,1.3282,7.0286,6.8822,7.7951,71.92,110.56,4.2255,19.089,9.33,15.128,1.399,1218.5,181.65,9.7277,0.9776,30.45,31.66,73167.6555,94.6310137754414,96.2125121996439,-3.83793761218789,-2.06883319104802,0.67175,1.5755
2020-02-25,0.6597,1.0868,0.6326,1.3004,4.3878,1.3285,7.0128,6.8737,7.7917,71.81,110.23,4.2335,19.054,9.3743,15.2,1.3986,1214.45,181.6,9.7283,0.9765,30.34,31.73,73667.6445,94.323010022464,95.9776266048181,-3.83793761218789,-2.06883319104802,0.671,1.569
2020-02-26,0.6556,1.0887,0.6299,1.2921,4.4304,1.3321,7.0214,6.863,7.7937,71.58,110.36,4.224,19.163,9.3868,15.176,1.3968,1213.61,181.6,9.7263,0.9759,30.28,31.83,73667.6445,94.0150062694866,95.7427410099923,-3.83793761218789,-2.06883319104802,0.68475,1.5715
2020-02-27,0.6582,1.0977,0.6319,1.2876,4.4587,1.3356,7.0036,6.8075,7.7943,71.65,110.15,4.2095,19.347,9.3926,15.392,1.3944,1217.03,181.75,9.6568,0.9718,30.23,31.58,73419.1144,93.7070025165093,95.5078554151666,-3.83793761218789,-2.06883319104802,0.66875,1.574
2020-02-28,0.6495,1.1001,0.6232,1.2778,4.4906,1.3411,6.9906,6.7926,7.7927,72.53,108.12,4.2137,19.73,9.4491,15.636,1.3944,1214.92,181.85,9.6802,0.9671,30.18,31.53,73468.044,93.398998763532,95.2729698203408,-3.83793761218789,-2.06883319104802,0.68613,1.56775
2020-03-02,0.6524,1.1164,0.6253,1.2791,4.4782,1.3334,6.9595,6.6939,7.782,72.88,108.02,4.2025,19.583,9.3057,15.537,1.3893,1190.89,182.1,9.4936,0.9577,29.88,31.41,73907.3433,92.7005723810845,94.9018440837604,-3.83793761218789,-2.06883319104802,0.68413,1.57463
2020-03-03,0.6617,1.1175,0.6306,1.2827,4.4908,1.3352,6.9579,6.6869,7.7724,73.03,107.28,4.2029,19.33,9.2372,15.293,1.3858,1194.66,182,9.4301,0.9563,29.82,31.34,73802.4779,92.3101497516143,94.7656039420057,-3.83793761218789,-2.06883319104802,0.671,1.57563
2020-03-04,0.6609,1.113,0.6278,1.2836,4.5497,1.3425,6.9244,6.7155,7.7712,73.49,107.34,4.1849,19.533,9.285,15.348,1.3848,1187.54,181.95,9.5,0.9554,29.92,31.34,73644.4602,91.9197271221442,94.6293638002511,-3.83793761218789,-2.06883319104802,0.671,1.08775
2020-03-05,0.66,1.1202,0.6303,1.2939,4.6533,1.3403,6.9366,6.6682,7.7734,73.5,106.56,4.1595,19.825,9.2792,15.578,1.3853,1181.11,181.8,9.4508,0.9487,29.91,31.56,73469.1443,91.5293044926741,94.4931236584965,-3.83793761218789,-2.06883319104802,0.67988,1.08213
2020-03-06,0.6634,1.1319,0.6356,1.301,4.638,1.342,6.9298,6.599,7.771,74,105.31,4.17,20.171,9.2473,15.635,1.3786,1192,181.85,9.3651,0.9365,29.94,31.49,73010.3233,91.1388818632039,94.3568835167418,-3.83793761218789,-2.06883319104802,0.66738,1.07975
2020-03-09,0.6654,1.142,0.6409,1.31,4.7304,1.3527,6.9448,6.5385,7.7733,74.21,102.52,4.2145,20.926,9.4723,15.933,1.3832,1203.75,181.55,9.4147,0.9296,29.97,31.46,73041.0887,90.7484592337338,94.2206433749872,-3.83793761218789,-2.06883319104802,0.66988,1.08113
2020-03-10,0.647,1.1342,0.6261,1.2933,4.6745,1.3775,6.9549,6.5885,7.7707,74.15,103.71,4.2365,21.051,9.6008,16.103,1.3903,1193.1,182.4,9.5002,0.933,29.91,31.47,73072.624,90.3580366042636,94.0844032332325,-3.83793761218789,-2.06883319104802,0.68113,1.082
2020-03-11,0.6512,1.128,0.6309,1.2887,4.6844,1.3748,6.9595,6.6266,7.7698,73.68,104.81,4.237,21.205,9.6262,16.1516,1.3915,1194.16,182.49,9.4951,0.9381,30.07,31.45,73151.4935,89.9676139747935,93.9481630914779,-3.83793761218789,-2.06883319104802,0.185,1.084
2020-03-12,0.628,1.1081,0.6095,1.2541,4.8563,1.3869,7.0282,6.7407,7.7863,74.25,105.67,4.2631,22.326,10.1959,16.531,1.41,1206.19,182.75,9.8319,0.954,30.18,31.72,73465.4328,89.5771913453233,93.8119229497233,-3.83793761218789,-2.06883319104802,0.19088,1.08663
2020-03-13,0.6161,1.1066,0.6052,1.2406,4.7622,1.3991,7.0079,6.7464,7.7731,73.86,107.15,4.277,21.885,10.0904,16.324,1.417,1211.7,183.61,9.8113,0.9541,30.13,31.95,73504.5108,89.1867687158532,93.6756828079686,-3.83793761218789,-2.06883319104802,0.19075,1.08488
2020-03-16,0.6132,1.1139,0.6119,1.2278,4.9813,1.3974,6.9913,6.7096,7.7696,74.01,105.64,4.305,22.613,10.2664,16.533,1.42,1225.33,183.9,9.8405,0.9467,30.19,31.98,73504.5078,88.7963460863831,93.539442666214,-3.83793761218789,-2.06883319104802,0.184,0.23925
2020-03-17,0.5976,1.0971,0.594,1.2017,5.0185,1.4188,7.003,6.8114,7.7632,74.26,107.41,4.3472,23.14,10.4332,16.585,1.4296,1240.98,184.8,9.9453,0.9647,30.21,32.18,73961.1179,88.4059234569129,93.4032025244593,-3.83793761218789,-2.06883319104802,0.20013,0.25813
2020-03-18,0.582,1.0833,0.5778,1.176,5.1136,1.4529,7.0459,6.899,7.7686,74.55,108.45,4.3629,23.72,11.0912,17.096,1.4448,1245.19,185.65,10.2426,0.9727,30.37,32.5,73822.954,88.0155008274428,93.2669623827047,-3.83793761218789,-2.06883319104802,0.196,0.37988
2020-03-19,0.5859,1.0699,0.5824,1.1662,5.1503,1.4463,7.1058,6.9745,7.7603,74.78,110.08,4.4023,24.087,11.2584,17.3721,1.449,1250.86,186.33,10.3827,0.9847,30.4,32.57,72079.4178,87.6250781979727,93.1307222409501,-3.83793761218789,-2.06883319104802,0.20488,0.29825
2020-03-20,0.5841,1.0682,0.5739,1.1743,5.001,1.4363,7.095,6.9933,7.7554,75.31,111.3,4.375,24.026,11.6842,17.5,1.4525,1250.55,187,10.3349,0.9866,30.3,32.69,72079.4141,87.2346555685025,92.9944820991954,-3.83793761218789,-2.06883319104802,0.064,0.21188
2020-03-23,0.5755,1.076,0.5669,1.1492,5.1286,1.4539,7.09,6.9424,7.7557,76.29,111.36,4.445,25.127,11.2963,17.755,1.4605,1267.25,186.69,10.3085,0.9824,30.33,32.86,70541.7871,86.8442329390324,92.8582419574408,-3.83793761218789,-2.06883319104802,0.06413,0.2065
2020-03-24,0.5927,1.0794,0.5794,1.1784,5.0731,1.448,7.061,6.918,7.7561,76.37,111.44,4.428,25.132,11.0926,17.655,1.4467,1249.88,186.69,10.1627,0.9813,30.16,32.82,69721.604,86.4538103095623,92.7220018156861,-3.83793761218789,-2.06883319104802,0.06588,0.17813
2020-03-25,0.5957,1.0835,0.581,1.1763,5.0589,1.4333,7.1099,6.8992,7.7528,76.36,111.43,4.387,24.395,10.9069,17.4,1.4484,1228.15,186.69,10.1783,0.9781,30.29,32.77,70677.7519,86.0633876800921,92.5857616739315,-3.83793761218789,-2.06883319104802,0.063,0.20125
2020-03-26,0.6054,1.1025,0.5962,1.214,4.9972,1.4045,7.0709,6.7696,7.752,74.89,109.45,4.3299,23.13,10.401,17.2768,1.431,1233.47,186.69,9.9501,0.9645,30.19,32.6,71030.5069,85.672965050622,92.4495215321769,-3.83793761218789,-2.06883319104802,0.059,0.14988
2020-03-27,0.6126,1.1059,0.6022,1.236,5.1113,1.4075,7.0942,6.7515,7.7511,75.47,108.16,4.325,23.41,10.5017,17.555,1.4305,1210.49,186.69,9.9481,0.9558,30.21,32.54,73645.5884,85.2825424211518,92.3132813904222,-3.83793761218789,-2.06883319104802,0.0605,0.13625
2020-03-30,0.6145,1.1018,0.5991,1.2392,5.1593,1.4169,7.0986,6.7784,7.7533,75.33,108.06,4.34,24.265,10.6095,17.945,1.4253,1224.11,186.69,10.0596,0.9606,30.24,32.68,77698.7269,84.8921197916817,92.1770412486676,-3.83793761218789,-2.06883319104802,0.05875,0.12088
2020-03-31,0.6139,1.1016,0.5959,1.2454,5.1855,1.4123,7.0808,6.771,7.7513,75.39,107.53,4.313,23.448,10.4059,17.7682,1.4215,1218.92,186.69,9.9145,0.9627,30.25,32.7,80069.4225,84.5016971622115,92.0408011069129,-3.83793761218789,-2.06883319104802,0.05588,0.119
2020-04-01,0.6107,1.0934,0.5944,1.2394,5.2494,1.4222,7.0989,6.8269,7.7528,76.4,107.05,4.3585,24.453,10.4593,18.145,1.4346,1229.65,186.69,10.0468,0.9675,30.29,33.04,80743.3602,84.1112745327414,91.9045609651583,-3.83793761218789,-2.06883319104802,0.06338,0.10875
2020-04-02,0.6047,1.0862,0.5909,1.238,5.2649,1.411,7.0857,6.8739,7.7521,76.34,107.85,4.355,24.034,10.3592,18.5312,1.4304,1229.89,186.69,10.1075,0.9727,30.2,32.93,83167.2797,83.9057123258266,91.8300028872661,-3.83793761218789,-2.06883319104802,0.06088,0.08588
2020-04-03,0.6001,1.0797,0.5856,1.2228,5.3129,1.4132,7.0908,6.917,7.753,76.24,108.53,4.356,24.69,10.5712,18.985,1.4408,1230.56,190.1,10.1865,0.9777,30.26,33.03,84481.5878,83.7001501189117,91.7554448093739,-3.83793761218789,-2.06883319104802,0.061,0.07663
2020-04-06,0.6096,1.0808,0.595,1.2298,5.2342,1.4125,7.0895,6.9091,7.7524,75.95,109.11,4.361,24.628,10.4341,18.674,1.4315,1224.6,193,10.1237,0.9768,30.21,32.78,86441.2342,83.4945879119968,91.6808867314817,-3.83793761218789,-2.06883319104802,0.0595,0.0745
2020-04-07,0.6187,1.0886,0.5984,1.2343,5.2319,1.3971,7.0448,6.8573,7.7517,75.64,108.97,4.335,24.035,10.2449,18.222,1.4228,1220.43,191.6,10.0318,0.9707,30.08,32.72,91602.4809,83.289025705082,91.6063286535895,-3.83793761218789,-2.06883319104802,0.05988,0.077
2020-04-08,0.6223,1.0864,0.6017,1.2394,5.1701,1.4015,7.0649,6.8685,7.7517,75.96,108.7,4.345,24.039,10.2676,18.2108,1.4259,1220.77,191.6,10.057,0.971,30.11,32.72,96390.8513,83.0834634981671,91.5317705756972,-3.83793761218789,-2.06883319104802,0.05688,0.07188
2020-04-09,0.6309,1.0931,0.6066,1.2458,5.0708,1.398,7.0428,6.8291,7.7527,76.3,108.38,4.33,23.625,10.1992,17.903,1.417,1219.71,190.5,9.9551,0.966,30.01,32.66,100727.6793,82.8779012912522,91.457212497805,-3.83793761218789,-2.06883319104802,0.05588,0.06775
2020-04-10,0.6349,1.0951,0.6082,1.2485,5.1063,1.3967,7.0341,6.8166,7.7524,75.87,108.39,4.305,23.42,10.175,18.0158,1.413,1211.71,191.6,9.9204,0.9648,30.06,32.69,100727.6797,82.6723390843374,91.3826544199128,-3.83793761218789,-2.06883319104802,0.05813,0.069043333333333
2020-04-13,0.638,1.0906,0.6085,1.2518,5.1871,1.3953,7.0501,6.8455,7.7523,76.25,107.59,4.326,23.723,10.3121,18.14,1.415,1217.72,191.6,9.9931,0.9674,30.06,32.7,100727.6797,82.4667768774225,91.3080963420206,-3.83793761218789,-2.06883319104802,0.06038,0.070336666666667
2020-04-14,0.6419,1.0971,0.608,1.2617,5.2074,1.3903,7.0479,6.8034,7.7511,76.11,107.08,4.33,23.599,10.3037,18.357,1.4143,1216.85,191.6,9.9606,0.9606,30.07,32.62,105641.9275,82.2612146705077,91.2335382641284,-3.83793761218789,-2.06883319104802,0.06263,0.07163
2020-04-15,0.6328,1.0909,0.5997,1.2523,5.2559,1.4105,7.0664,6.8403,7.7502,76.56,107.42,4.3371,24.064,10.5356,18.732,1.4235,1224.55,191.6,10.0391,0.9647,30.04,32.7,113549.3843,82.0556524635928,91.1589801862362,-3.83793761218789,-2.06883319104802,0.0595,0.06613
2020-04-16,0.6301,1.084,0.5947,1.2433,5.2318,1.4141,7.0778,6.8821,7.7508,76.75,107.72,4.372,24.124,10.4691,18.668,1.4284,1228.21,191.5,10.0384,0.9695,30.11,32.65,120558.2583,81.850090256678,91.084422108344,-3.83793761218789,-2.06883319104802,0.0555,0.067
2020-04-17,0.6357,1.0883,0.6034,1.2503,5.255,1.4026,7.0711,6.8535,7.7506,76.56,107.52,4.3739,23.831,10.3099,18.85,1.422,1217.81,191.5,9.9801,0.9662,30.07,32.49,125660.1515,81.6445280497631,91.0098640304518,-3.83793761218789,-2.06883319104802,0.05763,0.067
2020-04-20,0.6387,1.0874,0.6075,1.2467,5.2911,1.4067,7.0721,6.8586,7.7501,76.56,107.69,4.372,24.037,10.3634,18.806,1.4189,1217.29,192,10.0102,0.967,30.04,32.46,125260.0977,81.4389658428482,90.9353059525596,-3.83793761218789,-2.06883319104802,0.05888,0.06463
2020-04-21,0.6279,1.0854,0.5954,1.2266,5.3166,1.4199,7.0914,6.8691,7.75,76.95,107.69,4.3924,24.433,10.5984,18.965,1.4311,1229.28,192,10.105,0.9691,30.1,32.51,127724.1699,81.2334036359334,90.8607478746674,-3.83793761218789,-2.06883319104802,0.06275,0.06313
2020-04-22,0.632,1.0829,0.5949,1.2332,5.3955,1.4132,7.0831,6.8871,7.75,76.44,107.81,4.364,24.585,10.764,19.007,1.4277,1234.79,193,10.0949,0.9711,30.1,32.33,128770.3357,81.0278414290185,90.7861897967752,-3.83793761218789,-2.06883319104802,0.056,0.0635
2020-04-23,0.6388,1.0815,0.6026,1.2369,5.4498,1.4028,7.0654,6.8963,7.75,75.84,107.65,4.3581,24.682,10.5957,19.04,1.4225,1229.04,192.5,10.0467,0.9731,30.08,32.31,144594.7971,80.8222792221037,90.7116317188829,-3.83793761218789,-2.06883319104802,0.06013,0.05825
2020-04-24,0.6377,1.0798,0.6003,1.2335,5.6858,1.4098,7.0813,6.9081,7.7506,76.26,107.44,4.3626,24.8225,10.68,18.972,1.4253,1233.88,192.41,10.0732,0.975,30.1,32.42,171146.5702,80.6167170151888,90.6370736409907,-3.83793761218789,-2.06883319104802,0.05888,0.05675
2020-04-27,0.646,1.0829,0.6054,1.2421,5.6741,1.4042,7.0848,6.8858,7.7499,76.23,107.22,4.35,24.832,10.5772,18.851,1.4189,1224.16,192.33,10.0473,0.9756,30.02,32.47,170645.1679,80.4111548082739,90.5625155630985,-3.83793761218789,-2.06883319104802,0.05863,0.056
2020-04-28,0.6499,1.0836,0.6063,1.2438,5.5646,1.3992,7.0776,6.8802,7.7498,75.96,106.83,4.36,24.394,10.4079,18.658,1.4167,1224.83,192.2,9.8868,0.9743,29.99,32.43,169916.8216,80.2055926013591,90.4879574852063,-3.83793761218789,-2.06883319104802,0.0565,0.05075
2020-04-29,0.6536,1.0853,0.6104,1.2429,5.3923,1.3936,7.0755,6.8717,7.7503,75.45,106.67,4.341,23.927,10.3548,18.251,1.4124,1219.2,191.88,9.8824,0.9748,29.89,32.4,175220.693,80.0000303944442,90.4133994073141,-3.83793761218789,-2.06883319104802,0.05663,0.05488
2020-04-30,0.6523,1.0934,0.615,1.2602,5.4296,1.3911,7.0622,6.8233,7.7514,75.08,106.94,4.3004,23.979,10.2553,18.448,1.4095,1203.95,191.88,9.7751,0.9669,29.72,32.42,176121.6642,79.7944681875294,90.3388413294219,-3.83793761218789,-2.06883319104802,0.05313,0.0605
2020-05-01,0.6424,1.0998,0.6053,1.2509,5.4858,1.4102,7.0622,6.7828,7.7517,75.75,106.76,4.3004,24.8066,10.3348,18.85,1.4163,1223.2,191.88,9.8316,0.9599,29.72,32.52,176096.6952,79.5889059806145,90.2642832515297,-3.83793761218789,-2.06883319104802,0.05175,0.05838
2020-05-04,0.6412,1.0911,0.6028,1.243,5.5714,1.4088,7.0622,6.8396,7.7532,75.64,106.82,4.315,24.3853,10.3445,18.704,1.4169,1228.81,190.21,9.8856,0.9647,29.82,32.4,176096.6875,79.5889059806145,90.2642832515297,-3.83793761218789,-2.06883319104802,0.05725,0.05725
2020-05-05,0.6458,1.0844,0.6065,1.2449,5.5623,1.4025,7.0622,6.8813,7.7534,75.72,106.52,4.301,23.7938,10.2603,18.388,1.4148,1220.13,188.6,9.8296,0.9721,29.84,32.37,174975.5464,79.5889059806145,90.2642832515297,-3.83793761218789,-2.06883319104802,0.0545,0.05775
2020-05-06,0.6414,1.0806,0.6019,1.2347,5.6798,1.4143,7.1031,6.9034,7.752,76.08,106.07,4.322,24.295,10.2799,18.77,1.4203,1222.03,187.58,9.8486,0.9745,29.9,32.41,171444.86,79.5889059806145,90.2642832515297,-3.83793761218789,-2.06883319104802,0.05913,0.0625
2020-05-07,0.65,1.0815,0.6086,1.2349,5.8027,1.3972,7.0825,6.8989,7.7505,75.78,106.36,4.32,23.961,10.2274,18.521,1.4151,1224.76,187.58,9.8128,0.9746,29.9,32.38,168940.4777,79.5889059806145,90.2642832515297,-3.83793761218789,-2.06883319104802,0.05763,0.061
2020-05-08,0.6543,1.0854,0.6147,1.2436,5.7455,1.391,7.0732,6.8721,7.7512,75.58,106.5,4.331,23.619,10.1864,18.36,1.4114,1216.47,187.58,9.759,0.9699,29.87,32.17,172520.4436,79.5889059806145,90.2642832515297,-3.83793761218789,-2.06883319104802,0.05863,0.061315
2020-05-11,0.6472,1.0818,0.6065,1.233,5.7958,1.4024,7.0972,6.8947,7.7504,75.87,107.7,4.3315,23.913,10.285,18.389,1.4176,1220.2,188,9.8649,0.9722,29.87,32.17,178571.7115,79.5889059806145,90.2642832515297,-3.83793761218789,-2.06883319104802,0.05963,0.06163
2020-05-12,0.6509,1.0864,0.6102,1.2299,5.7922,1.4009,7.0816,6.863,7.7506,75.03,107.33,4.325,24.037,10.1585,18.278,1.4155,1222,188,9.7394,0.968,29.88,32.08,178656.8139,79.5889059806145,90.2642832515297,-3.83793761218789,-2.06883319104802,0.05963,0.06063
2020-05-13,0.6463,1.0837,0.6009,1.2225,5.9204,1.4089,7.0911,6.8793,7.7506,75.33,106.92,4.328,24.311,10.1418,18.521,1.4185,1223.86,188,9.7939,0.9704,29.91,32.07,178086.1101,79.5889059806145,90.2642832515297,-3.83793761218789,-2.06883319104802,0.05863,0.061
2020-05-14,0.6422,1.08,0.5972,1.2194,5.9181,1.4086,7.0935,6.9051,7.7508,75.48,107.09,4.3369,24.172,10.2232,18.564,1.4258,1227.76,187.5,9.8438,0.9727,29.91,32.08,178593.7405,79.5889059806145,90.2642832515297,-3.83793761218789,-2.06883319104802,0.05875,0.0615
2020-05-15,0.641,1.0816,0.5929,1.2129,5.8235,1.409,7.1013,6.8937,7.7511,75.82,107.27,4.3491,24.0493,10.2422,18.54,1.4274,1230.71,187.42,9.866,0.9726,29.94,32.06,181221.6869,79.5889059806145,90.2642832515297,-3.83793761218789,-2.06883319104802,0.05875,0.062
2020-05-18,0.6513,1.0904,0.6038,1.2211,5.708,1.3966,7.1086,6.8379,7.7513,75.74,107.25,4.36,23.59,10.0317,18.383,1.4191,1232.32,187.4,9.7192,0.9699,29.96,32.01,182590.6781,79.5889059806145,90.2642832515297,-3.83793761218789,-2.06883319104802,0.05863,0.05975
2020-05-19,0.6567,1.0937,0.6104,1.2255,5.7101,1.3879,7.098,6.8159,7.7508,75.67,107.89,4.3516,23.614,9.9461,18.265,1.4157,1225.19,187.4,9.6594,0.9725,29.94,31.88,182879.2572,79.5889059806145,90.2642832515297,-3.83793761218789,-2.06883319104802,0.05663,0.06038
2020-05-20,0.6601,1.098,0.6146,1.2257,5.6909,1.3911,7.0928,6.7906,7.75,75.47,107.46,4.3512,23.215,9.9089,17.9599,1.4128,1230.02,187,9.5831,0.9649,29.97,31.81,182377.139,79.5889059806145,90.2642832515297,-3.83793761218789,-2.06883319104802,0.05675,0.06238
2020-05-21,0.6562,1.0953,0.6113,1.2227,5.5989,1.3946,7.1138,6.8084,7.755,75.63,107.69,4.3442,22.924,9.951,17.653,1.4174,1230.53,186.5,9.6318,0.9703,29.91,31.84,183074.9995,79.5889059806145,90.2642832515297,-3.83793761218789,-2.06883319104802,0.05775,0.06113
2020-05-22,0.6528,1.0894,0.6092,1.2178,5.5663,1.4021,7.1269,6.8466,7.7561,75.99,107.5,4.3595,22.738,10.0159,17.701,1.4254,1236.53,185.5,9.6838,0.9722,30.08,31.9,187659.5826,79.5889059806145,90.2642832515297,-3.83793761218789,-2.06883319104802,0.058,0.06075
2020-05-26,0.6644,1.097,0.6202,1.2337,5.376,1.3821,7.134,6.7988,7.7526,75.43,107.64,4.3595,22.336,9.907,17.404,1.4167,1234.24,186,9.6426,0.9668,29.97,31.88,192921.0781,79.5889059806145,90.2642832515297,-3.83793761218789,-2.06883319104802,0.0585,0.06025
2020-05-27,0.659,1.0969,0.6166,1.2231,5.2818,1.3786,7.1681,6.798,7.7526,75.88,107.79,4.348,22.358,9.9041,17.418,1.4207,1238.03,186.2,9.6477,0.9696,30.04,31.91,192980.6632,79.5889059806145,90.2642832515297,-3.83793761218789,-2.06883319104802,0.05725,0.06163
2020-05-28,0.6664,1.1069,0.6223,1.2325,5.3346,1.3763,7.1447,6.7344,7.7522,75.67,107.67,4.348,22.191,9.7729,17.413,1.4157,1239.28,186.3,9.504,0.9642,29.97,31.85,195559.6322,79.5889059806145,90.2642832515297,-3.83793761218789,-2.06883319104802,0.05488,0.063
2020-05-29,0.6642,1.1107,0.6187,1.232,5.4248,1.3809,7.1348,6.7097,7.7513,75.59,107.77,4.3429,22.17,9.7306,17.596,1.4135,1236.61,186.2,9.4248,0.9618,30.01,31.82,196721.9173,79.5889059806145,90.2642832515297,-3.83793761218789,-2.06883319104802,0.05713,0.0615
2020-06-01,0.6785,1.1123,0.6286,1.2472,5.3727,1.3603,7.1263,6.7027,7.7514,75.56,107.56,4.312,21.991,9.6403,17.4,1.4075,1224.79,186,9.386,0.9613,29.91,31.65,197615.3142,79.5889059806145,90.2642832515297,-3.83793761218789,-2.06883319104802,0.05363,0.062
2020-06-02,0.6872,1.1166,0.6345,1.2531,5.2331,1.3515,7.0992,6.6759,7.7509,75.03,108.6,4.275,21.722,9.5632,17.195,1.4015,1225.07,185.8,9.3538,0.9623,29.91,31.53,197300.2553,79.5889059806145,90.2642832515297,-3.83793761218789,-2.06883319104802,0.05625,0.065
2020-06-03,0.6948,1.1246,0.6436,1.26,5.0417,1.3489,7.1115,6.6287,7.7501,75.32,108.88,4.2593,21.635,9.4544,16.89,1.3957,1216.08,185.75,9.26,0.9613,29.88,31.59,196696.067,79.5889059806145,90.2642832515297,-3.83793761218789,-2.06883319104802,0.05713,0.06188
2020-06-04,0.6944,1.1322,0.6452,1.2608,5.0927,1.3513,7.1075,6.5847,7.7499,75.43,109,4.2727,21.851,9.3616,16.931,1.3978,1218.77,185.4,9.196,0.9565,29.9,31.55,197021.2226,79.5889059806145,90.2642832515297,-3.83793761218789,-2.06883319104802,0.0565,0.05975
2020-06-05,0.6983,1.1297,0.6513,1.2703,4.9542,1.342,7.0808,6.6007,7.7499,75.61,109.68,4.2655,21.545,9.2955,16.836,1.3918,1202.79,185.33,9.1806,0.9622,29.78,31.5,198155.0757,79.5889059806145,90.2642832515297,-3.83793761218789,-2.06883319104802,0.05413,0.0625
2020-06-08,0.6995,1.1293,0.6541,1.2694,4.8858,1.3379,7.07,6.6018,7.7498,75.44,108.46,4.2655,21.638,9.2754,16.79,1.3895,1197.84,185.05,9.2138,0.9567,29.75,31.41,198533.356,79.5889059806145,90.2642832515297,-3.83793761218789,-2.06883319104802,0.057,0.06075
2020-06-09,0.6964,1.1348,0.6526,1.2736,4.899,1.3433,7.0765,6.5693,7.7499,75.44,107.66,4.274,21.728,9.2866,16.681,1.3887,1197.04,185,9.1774,0.9487,29.68,31.31,197689.64,79.5889059806145,90.2642832515297,-3.83793761218789,-2.06883319104802,0.05425,0.063
2020-06-10,0.7004,1.1355,0.6543,1.2758,4.8979,1.3388,7.0599,6.5674,7.7499,75.65,107.25,4.2497,21.941,9.3445,16.556,1.384,1189.9,185,9.2273,0.945,29.54,31.14,197398.9725,79.5889059806145,90.2642832515297,-3.83793761218789,-2.06883319104802,0.05488,0.06325
2020-06-11,0.6889,1.1378,0.646,1.2635,4.976,1.3559,7.064,6.5518,7.7502,75.97,106.67,4.2449,22.521,9.5249,17.0834,1.3883,1196.34,185.1,9.2524,0.9382,29.65,30.92,200663.3867,79.5889059806145,90.2642832515297,-3.83793761218789,-2.06883319104802,0.05263,0.0655
2020-06-12,0.6854,1.1253,0.6431,1.2527,5.0241,1.3587,7.0825,6.6256,7.7499,76.03,107.36,4.2615,22.298,9.6331,17.011,1.3923,1204.52,185.2,9.3322,0.9515,29.63,30.97,201959.3869,79.5889059806145,90.2642832515297,-3.83793761218789,-2.06883319104802,0.05188,0.06613
2020-06-15,0.6851,1.127,0.6436,1.2543,5.2082,1.3618,7.0887,6.6161,7.75,75.97,107.33,4.2765,22.521,9.6138,17.265,1.3943,1212.21,185.9,9.3404,0.9503,29.67,31.05,202749.3655,79.5889059806145,90.2642832515297,-3.83793761218789,-2.06883319104802,0.05538,0.06975
2020-06-16,0.6886,1.1259,0.6451,1.2586,5.1563,1.3562,7.0854,6.6236,7.7499,76.19,107.35,4.2727,22.175,9.5735,17.1525,1.3937,1207.26,186,9.3804,0.9494,29.65,31.1,202996.4437,79.5889059806145,90.2642832515297,-3.83793761218789,-2.06883319104802,0.05175,0.07163
2020-06-17,0.6897,1.1219,0.6462,1.2526,5.264,1.357,7.084,6.6461,7.7499,76.25,107.26,4.2797,22.368,9.5397,17.22,1.3939,1215.02,186.41,9.3589,0.9512,29.64,31.13,203130.5445,79.5889059806145,90.2642832515297,-3.83793761218789,-2.06883319104802,0.05325,0.0755
2020-06-18,0.6847,1.1216,0.6428,1.243,5.354,1.3593,7.0869,6.6472,7.7501,76.32,106.78,4.2765,22.669,9.5402,17.485,1.3939,1211.65,186.55,9.4211,0.951,29.59,31.07,202949.2141,79.5889059806145,90.2642832515297,-3.83793761218789,-2.06883319104802,0.05825,0.07638
2020-06-19,0.6856,1.1189,0.6422,1.2362,5.3388,1.3601,7.0707,6.6634,7.75,76.21,106.89,4.2663,22.61,9.6154,17.3375,1.3965,1208.38,186.17,9.4542,0.9519,29.59,30.98,202375.9857,79.5889059806145,90.2642832515297,-3.83793761218789,-2.06883319104802,0.0565,0.07525
2020-06-22,0.6904,1.126,0.6485,1.2447,5.2235,1.3544,7.0678,6.6205,7.75,75.76,106.84,4.276,22.457,9.5965,17.335,1.3924,1210.73,186.55,9.3703,0.9475,29.6,30.95,202375.9844,79.5889059806145,90.2642832515297,-3.83793761218789,-2.06883319104802,0.05613,0.06988
2020-06-23,0.6955,1.1322,0.6515,1.2531,5.1578,1.3509,7.0575,6.5833,7.75,75.48,106.44,4.2755,22.389,9.4813,17.2275,1.3895,1206.43,186.5,9.2806,0.9438,29.54,30.87,201234.2267,79.5889059806145,90.2642832515297,-3.83793761218789,-2.06883319104802,0.05425,0.07113
2020-06-24,0.6875,1.1272,0.6416,1.2432,5.302,1.3601,7.077,6.6132,7.7502,75.65,106.83,4.2714,22.7116,9.6145,17.405,1.3922,1199.55,186.53,9.3315,0.9471,29.52,30.84,201456.4952,79.5889059806145,90.2642832515297,-3.83793761218789,-2.06883319104802,0.05638,0.07425
2020-06-25,0.6868,1.1221,0.6425,1.2406,5.3541,1.366,7.0768,6.6439,7.7504,75.58,107.21,4.276,22.83,9.6892,17.2375,1.3914,1203.59,186.35,9.3234,0.9485,29.52,30.9,201456.5,79.5889059806145,90.2642832515297,-3.83793761218789,-2.06883319104802,0.054,0.07563
2020-06-26,0.6861,1.1215,0.6418,1.2337,5.4661,1.3695,7.0768,6.6459,7.7501,75.63,107.19,4.289,22.946,9.7166,17.2625,1.3938,1203.44,186.33,9.3582,0.948,29.51,30.9,201651.6245,79.5889059806145,90.2642832515297,-3.83793761218789,-2.06883319104802,0.05075,0.07113
2020-06-29,0.6851,1.1237,0.6408,1.2279,5.4587,1.3686,7.0794,6.6319,7.7504,75.52,107.71,4.2855,23.123,9.7074,17.3,1.3943,1200.91,186.1,9.3254,0.9504,29.45,30.89,201825.6813,79.5889059806145,90.2642832515297,-3.83793761218789,-2.06883319104802,0.05125,0.08175
2020-06-30,0.6893,1.1237,0.6446,1.2369,5.4844,1.3614,7.0651,6.6318,7.7501,75.53,107.77,4.2808,23.0821,9.6577,17.3525,1.3942,1200.5,186.13,9.3071,0.9467,29.44,30.88,203130.5469,79.5889059806145,90.2642832515297,-3.83793761218789,-2.06883319104802,0.05338,0.08088
2020-07-01,0.6917,1.1259,0.6474,1.2474,5.3492,1.3579,7.0703,6.6191,7.7503,75.5,107.5,4.2845,22.823,9.5139,17.08,1.3936,1201.84,186.15,9.29,0.9455,29.43,31.02,203906.6474,79.5889059806145,90.2642832515297,-3.83793761218789,-2.06883319104802,0.05013,0.07663
2020-07-02,0.6921,1.1237,0.6513,1.2469,5.3146,1.3591,7.066,6.6321,7.7501,74.78,107.55,4.2852,22.52,9.5357,16.9675,1.3947,1199.84,186.05,9.3226,0.9455,29.45,31.06,204515.604,79.5889059806145,90.2642832515297,-3.83793761218789,-2.06883319104802,0.05488,0.08288
2020-07-06,0.6973,1.1307,0.6543,1.2482,5.314,1.3546,7.0159,6.59,7.7499,74.62,107.5,4.276,22.275,9.407,16.975,1.393,1192.66,185.75,9.2691,0.9416,29.4,31.06,206453.1339,79.5889059806145,90.2642832515297,-3.83793761218789,-2.06883319104802,0.05263,0.08288
2020-07-07,0.6972,1.1299,0.6567,1.2572,5.358,1.3587,7.0127,6.5941,7.7499,74.81,107.53,4.273,22.636,9.4318,17.0775,1.3931,1194.43,185.85,9.2255,0.941,29.45,31.18,207202.9426,79.5889059806145,90.2642832515297,-3.83793761218789,-2.06883319104802,0.05375,0.083
2020-07-08,0.6967,1.1329,0.6564,1.2593,5.3581,1.3539,7.0041,6.576,7.7499,74.94,107.39,4.2712,22.855,9.416,16.975,1.3928,1194.63,185.75,9.1916,0.9382,29.43,31.22,207202.9375,79.5889059806145,90.2642832515297,-3.83793761218789,-2.06883319104802,0.05338,0.08288
2020-07-09,0.6958,1.1298,0.6563,1.2614,5.3182,1.3577,6.9923,6.5932,7.7499,75.12,107.27,4.2606,22.702,9.4554,16.9125,1.3922,1197.84,185.63,9.2164,0.9397,29.42,31.26,211145.8212,79.5889059806145,90.2642832515297,-3.83793761218789,-2.06883319104802,0.05213,0.08175
2020-07-10,0.6959,1.1318,0.6581,1.2654,5.3334,1.3591,6.999,6.5795,7.7503,75.14,106.77,4.2646,22.507,9.4213,16.7475,1.3904,1204.34,185.63,9.1764,0.9395,29.45,31.31,213471.4924,79.5889059806145,90.2642832515297,-3.83793761218789,-2.06883319104802,0.04863,0.08138
2020-07-13,0.6983,1.1364,0.658,1.2614,5.3439,1.3568,6.9959,6.5509,7.7506,75.16,107.22,4.2626,22.432,9.3667,16.69,1.3879,1200.13,185.85,9.1381,0.941,29.42,31.36,215452.7396,79.5889059806145,90.2642832515297,-3.83793761218789,-2.06883319104802,0.05288,0.082
2020-07-14,0.697,1.1406,0.6532,1.2546,5.429,1.3606,7.006,6.5261,7.7508,75.38,107.2,4.2692,22.592,9.3875,16.75,1.3918,1205.24,185.8,9.0986,0.9385,29.45,31.53,216364.1624,79.5889059806145,90.2642832515297,-3.83793761218789,-2.06883319104802,0.053,0.0775
2020-07-15,0.7003,1.1406,0.6567,1.2586,5.362,1.3521,6.9885,6.5277,7.7527,75.11,106.92,4.2626,22.371,9.3149,16.585,1.3899,1201.97,185.8,9.0732,0.9439,29.5,31.57,219249.9511,79.5889059806145,90.2642832515297,-3.83793761218789,-2.06883319104802,0.05413,0.08425
2020-07-16,0.7008,1.1433,0.6567,1.2621,5.343,1.3539,6.9881,6.5126,7.7533,75.11,107.05,4.266,22.288,9.2516,16.64,1.3894,1202.97,185.7,9.0348,0.9432,29.44,31.69,220431.3682,79.5889059806145,90.2642832515297,-3.83793761218789,-2.06883319104802,0.05063,0.08675
2020-07-17,0.6994,1.1438,0.6551,1.255,5.352,1.3572,6.9912,6.5107,7.7538,74.93,107.06,4.263,22.48,9.2712,16.6575,1.3898,1203.86,185.7,9.0241,0.9388,29.46,31.68,223264.2628,79.5889059806145,90.2642832515297,-3.83793761218789,-2.06883319104802,0.05425,0.08563
2020-07-20,0.7009,1.1442,0.657,1.2658,5.3365,1.3531,6.9829,6.5061,7.7517,74.77,107.21,4.262,22.58,9.2486,16.67,1.3886,1202.26,185.75,8.9752,0.9389,29.45,31.8,226093.5998,79.5889059806145,90.2642832515297,-3.83793761218789,-2.06883319104802,0.053,0.0855
2020-07-21,0.7111,1.1495,0.6629,1.2736,5.1936,1.3443,6.98,6.475,7.7507,74.54,106.82,4.26,22.319,9.1262,16.46,1.3845,1194.64,185.75,8.9005,0.934,29.4,31.57,228287.986,79.5889059806145,90.2642832515297,-3.83793761218789,-2.06883319104802,0.0515,0.08525
2020-07-22,0.7147,1.1587,0.6668,1.2729,5.0973,1.3407,6.9988,6.4234,7.752,74.56,107.18,4.2507,22.256,9.1262,16.455,1.3837,1194.83,185.75,8.8498,0.9288,29.41,31.6,231170.3275,79.5889059806145,90.2642832515297,-3.83793761218789,-2.06883319104802,0.05413,0.08588
2020-07-23,0.7136,1.1623,0.6659,1.2759,5.1405,1.337,7.0034,6.4035,7.7511,74.81,106.83,4.2574,22.314,9.1544,16.5475,1.3841,1198.91,185.75,8.8326,0.925,29.41,31.69,236617.1598,79.5889059806145,90.2642832515297,-3.83793761218789,-2.06883319104802,0.05038,0.08563
2020-07-24,0.7094,1.1635,0.6633,1.2791,5.1948,1.3425,7.0168,6.3966,7.7516,74.77,105.79,4.2623,22.363,9.1907,16.6925,1.3832,1203.17,185.75,8.8533,0.9222,29.45,31.61,241365.8539,79.5889059806145,90.2642832515297,-3.83793761218789,-2.06883319104802,0.05163,0.08488
2020-07-27,0.7134,1.175,0.6683,1.2887,5.1835,1.3383,6.995,6.3343,7.751,74.77,105.29,4.2519,22.013,9.1115,16.4175,1.3792,1195.94,185.7,8.7379,0.9204,29.31,31.48,241365.8594,79.5889059806145,90.2642832515297,-3.83793761218789,-2.06883319104802,0.05063,0.08513
2020-07-28,0.7161,1.1733,0.6663,1.295,5.1684,1.3364,6.9998,6.3438,7.7501,74.91,105.03,4.2514,21.957,9.0953,16.5425,1.3778,1198.15,185.75,8.7536,0.9169,29.3,31.47,244443.3962,79.5889059806145,90.2642832515297,-3.83793761218789,-2.06883319104802,0.05113,0.08475
2020-07-29,0.7168,1.177,0.6655,1.2974,5.1483,1.337,7.0014,6.3232,7.75,74.92,105.06,4.2415,22.003,9.0647,16.5,1.3752,1192.98,185.7,8.7534,0.9141,29.26,31.41,248956.5313,79.5889059806145,90.2642832515297,-3.83793761218789,-2.06883319104802,0.05125,0.08413
2020-07-30,0.7139,1.1791,0.6641,1.3035,5.1824,1.344,7.008,6.3122,7.75,74.88,105.05,4.2375,22.183,9.1302,16.9125,1.3757,1196.3,185.6,8.7473,0.912,29.32,31.37,249057.3434,79.5889059806145,90.2642832515297,-3.83793761218789,-2.06883319104802,0.05025,0.085
2020-07-31,0.7159,1.1822,0.6644,1.3133,5.1967,1.3384,6.9744,6.2979,7.75,74.9,105.78,4.2375,22.226,9.0889,17.005,1.3728,1192.68,185.07,8.7487,0.9113,29.34,31.23,257718.9,79.5889059806145,90.2642832515297,-3.83793761218789,-2.06883319104802,0.05375,0.08725
2020-08-03,0.7107,1.175,0.66,1.3053,5.32,1.3408,6.9799,6.3375,7.7503,75.2,106.11,4.2224,22.574,9.1382,17.1925,1.3764,1194.31,185.07,8.7591,0.9194,29.35,31.21,258448.3499,79.5889059806145,90.2642832515297,-3.83793761218789,-2.06883319104802,0.05238,0.08425
2020-08-04,0.715,1.1766,0.6611,1.3059,5.3259,1.3366,6.972,6.3315,7.75,75.06,105.87,4.2182,22.746,9.1165,17.3775,1.3749,1194.53,185.5,8.7452,0.9154,29.38,31.05,261904.8407,79.5889059806145,90.2642832515297,-3.83793761218789,-2.06883319104802,0.05088,0.089
2020-08-05,0.7216,1.1898,0.6662,1.3141,5.2928,1.3254,6.9353,6.2626,7.7501,74.8,105.44,4.189,22.423,8.9435,17.3175,1.3676,1188.93,185.45,8.6532,0.9053,29.34,31.01,262412.4946,79.5889059806145,90.2642832515297,-3.83793761218789,-2.06883319104802,0.05188,0.08338
2020-08-06,0.7228,1.1856,0.6661,1.3147,5.3537,1.3285,6.952,6.2848,7.75,74.87,105.52,4.188,22.359,8.9802,17.4575,1.3693,1185.29,185.4,8.6973,0.9101,29.37,31.13,264933.9113,79.5889059806145,90.2642832515297,-3.83793761218789,-2.06883319104802,0.05063,0.08575
2020-08-07,0.7163,1.1776,0.6607,1.3043,5.4343,1.3393,6.967,6.3241,7.7504,75.04,105.92,4.1881,22.483,9.0623,17.6325,1.3729,1189.25,185.2,8.7518,0.914,29.39,31.2,270354.6373,79.5889059806145,90.2642832515297,-3.83793761218789,-2.06883319104802,0.0485,0.08513
2020-08-10,0.7162,1.1756,0.6592,1.3082,5.423,1.335,6.9611,6.3334,7.7502,74.91,105.85,4.1952,22.493,9.0288,17.685,1.3729,1186.28,184.7,8.7419,0.9154,29.39,31.11,277343.5511,79.5889059806145,90.2642832515297,-3.83793761218789,-2.06883319104802,0.0525,0.086
2020-08-11,0.7155,1.1764,0.6576,1.3077,5.423,1.3296,6.9451,6.3307,7.75,74.61,106.56,4.1928,22.338,8.9875,17.535,1.3724,1184.84,183.95,8.7392,0.9163,29.39,31.1,283889.7653,79.5889059806145,90.2642832515297,-3.83793761218789,-2.06883319104802,0.052,0.08525
2020-08-12,0.7167,1.1796,0.6587,1.3047,5.4745,1.325,6.9363,6.3141,7.7505,74.73,106.85,4.1908,22.318,8.9387,17.3975,1.3715,1184.09,182.9,8.6888,0.9109,29.37,31.07,283414.9995,79.5889059806145,90.2642832515297,-3.83793761218789,-2.06883319104802,0.053,0.08538
2020-08-13,0.716,1.1818,0.6557,1.3082,5.3835,1.3214,6.944,6.302,7.7503,74.81,106.89,4.19,22.28,8.8831,17.4175,1.3719,1183.25,182.8,8.6839,0.9097,29.43,31.05,283293.0079,79.5889059806145,90.2642832515297,-3.83793761218789,-2.06883319104802,0.05138,0.08488
2020-08-14,0.7168,1.1833,0.6554,1.3108,5.3881,1.325,6.9501,6.2942,7.7506,74.87,106.49,4.194,22.019,8.8945,17.3475,1.3703,1186.53,183.13,8.6984,0.9091,29.38,31.09,286649.3155,79.5889059806145,90.2642832515297,-3.83793761218789,-2.06883319104802,0.05025,0.0855
2020-08-17,0.7211,1.1869,0.6547,1.3105,5.4734,1.3202,6.9318,6.2727,7.7503,74.74,105.97,4.1894,22.042,8.8633,17.46,1.3679,1184.17,183.13,8.6918,0.9058,29.38,31.15,293920.7455,79.5889059806145,90.2642832515297,-3.83793761218789,-2.06883319104802,0.05088,0.08475
2020-08-18,0.7235,1.1928,0.6588,1.3228,5.4845,1.3181,6.9215,6.2406,7.7501,74.62,105.41,4.182,22.18,8.8387,17.3525,1.3647,1184.74,184.23,8.6481,0.9029,29.39,31.16,289550.7506,79.5889059806145,90.2642832515297,-3.83793761218789,-2.06883319104802,0.04838,0.08363
2020-08-19,0.7234,1.1898,0.6607,1.3191,5.5045,1.3173,6.9192,6.258,7.75,74.85,105.71,4.171,22.046,8.8504,17.18,1.366,1181.06,186.1,8.6574,0.9114,29.37,31.25,291796.8124,79.5889059806145,90.2642832515297,-3.83793761218789,-2.06883319104802,0.04925,0.08463
2020-08-20,0.7178,1.1862,0.6519,1.319,5.637,1.3177,6.9143,6.2783,7.75,75.01,105.81,4.171,22.148,8.9437,17.275,1.3676,1187.66,184.35,8.706,0.9082,29.42,31.41,296027.271,79.5889059806145,90.2642832515297,-3.83793761218789,-2.06883319104802,0.05063,0.083
2020-08-21,0.7156,1.1775,0.6533,1.3098,5.5949,1.3201,6.9179,6.3235,7.7502,74.92,105.88,4.179,22.042,9.0457,17.1275,1.3723,1191.84,184.5,8.7988,0.9131,29.4,31.56,302779.1537,79.5889059806145,90.2642832515297,-3.83793761218789,-2.06883319104802,0.0515,0.08175
